户型,信息,房名,地址,描述
3室2厅2卫,"['98㎡', '南']",滨江郦城,成都周边彭山剑南大道与樱花大道交汇处,"['南北通透', '厨卫全明', '主卧套房']"
3室2厅2卫,"['93.4㎡', '北', '高层(共33层)', '2019年建造']",中海右岸(一期),双流华府剑南大道南段2688号,"['北', '满二年', '近地铁', '车位充足']"
3室2厅3卫,"['125.73㎡', '南', '共3层', '2018年建造']",南湖国际社区(南区),天府新区南湖南湖西路175号,"['南', '满五年', '近地铁', '多人关注']"
3室2厅2卫,"['119㎡', '东南']",洲际健康城(新房),温江温江城区海峡两岸科技园科兴路西段199号,['双卫生间']
3室2厅1卫,"['88.28㎡', '南', '低层(共33层)', '2016年建造']",中信城左岸,天府新区南湖美岸路一段66号,"['南', '满二年', '近地铁', '车位充足']"
3室1厅2卫,"['97.3㎡', '南', '中层(共26层)', '2016年建造']",中信城左岸,天府新区南湖美岸路一段66号,"['南', '满五年', '近地铁', '车位充足']"
3室2厅1卫,"['85.27㎡', '东', '高层(共33层)', '2018年建造']",中海右岸(一期),双流华府剑南大道南段2688号,"['东', '有电梯', '近地铁', '车位充足']"
4室2厅3卫,"['143㎡', '南']",正成万柳墅院,温江万春镇万春镇天乡路一段与春光路交汇向西100米,"['大户型', '购物中心', '低容积']"
3室2厅2卫,"['94㎡', '南', '中层(共26层)', '2017年建造']",中海右岸(一期),双流华府剑南大道南段2688号,"['南', '满五年', '近地铁', '车位充足']"
3室2厅1卫,"['85.79㎡', '南', '高层(共28层)', '2016年建造']",蓝润锦江春天,锦江三圣乡椰树街300号,"['南', '热门小区', '满五', '房东急售']"
4室2厅3卫,"['98㎡', '南', '低层(共33层)', '2020年建造']",中信城左岸,天府新区南湖美岸路一段66号,"['南', '满二年', '近地铁', '车位充足']"
3室2厅2卫,"['124㎡', '西', '低层(共34层)', '2013年建造']",南湖国际社区(南区),天府新区南湖南湖西路175号,"['西', '房东直卖', '满二年', '近地铁']"
3室2厅2卫,"['109㎡', '南']",正成万柳墅院,温江万春镇万春镇天乡路一段与春光路交汇向西100米,"['南北通透', '厨卫全明', '大阳台', '购物中心']"
3室2厅2卫,"['117.94㎡', '东', '低层(共33层)', '2017年建造']",中海右岸(一期),双流华府剑南大道南段2688号,"['东', '满二年', '近地铁', '车位充足']"
4室2厅3卫,"['98.11㎡', '南北', '低层(共6层)', '2018年建造']",中信城左岸,天府新区南湖美岸路一段66号,"['南北', '满五年', '近地铁', '车位充足']"
3室2厅2卫,"['112㎡', '南', '中层(共33层)', '2017年建造']",中海右岸(一期),双流华府剑南大道南段2688号,"['南', '满二年', '近地铁', '车位充足']"
4室2厅2卫,"['131㎡', '西南']",尊邸(新房),锦江万达火车南站东路段15号（城南驿站旁）,"['厨卫全明', '双卫生间', '双阳台', '多轨交']"
3室2厅2卫,"['124㎡', '西', '高层(共34层)', '2013年建造']",南湖国际社区(南区),天府新区南湖南湖西路175号,"['西', '唯一住房', '近地铁']"
3室2厅2卫,"['95㎡', '北']",格林铂雅云庭,锦江盐市口宝光大道北段36号,"['厨卫全明', '双阳台', '主卧套房', '购物中心']"
3室2厅2卫,"['118㎡', '西南', '低层(共33层)', '2017年建造']",中海右岸(一期),双流华府剑南大道南段2688号,"['西南', '满二年', '近地铁', '车位充足']"
4室2厅3卫,"['172㎡', '南北']",翡翠湾壹号,新津新津城区清源路188号,"['客餐厅相连', '南北通透', '双阳台', '购物中心']"
3室2厅2卫,"['118.85㎡', '南', '中层(共33层)', '2020年建造']",中海右岸(一期),双流华府剑南大道南段2688号,"['南', '满五年', '近地铁', '车位充足']"
3室2厅1卫,"['89.35㎡', '北', '高层(共33层)', '2019年建造']",中海右岸(一期),双流华府剑南大道南段2688号,"['北', '满二年', '近地铁', '车位充足']"
2室2厅1卫,"['91.62㎡', '南', '高层(共31层)', '2007年建造']",天鹅湖北苑,"高新区世纪城世纪城路996号,天府大道中段177号","['南', '近地铁', '配套成熟']"
4室2厅2卫,"['106.38㎡', '南北', '低层(共32层)', '2022年建造']",远大中央公园,天府新区南湖南湖大道333号,"['南北', '满二年', '近地铁', '绿化率高']"
3室2厅2卫,"['95㎡', '南']",澜岸听溪,青白江青白江城区青华西路166号,"['双卫生间', '客餐厅相连', '主卧套房', '车位充足']"
3室2厅2卫,"['115.76㎡', '南', '低层(共32层)', '2019年建造']",远大中央公园,天府新区南湖南湖大道333号,"['南', '满二年', '近地铁', '绿化率高']"
5室3厅5卫,"['121.14㎡', '南北', '低层(共34层)', '2020年建造']",南湖国际社区(南区),天府新区南湖南湖西路175号,"['南北', '满五年', '近地铁', '次新房']"
4室2厅2卫,"['121.84㎡', '东', '低层(共32层)', '2016年建造']",炜岸城,龙泉驿大面驿都西路3666号,"['东', '房东直卖', '满二年', '近地铁']"
4室2厅4卫,"['137㎡', '南']",中铁黑龙滩国际旅游度假区,双流黄龙溪眉山市仁寿县光明大道与光相北路交汇处（黑龙滩镇中铁文化展示中心）,[]
4室2厅3卫,"['106.38㎡', '南北', '低层(共33层)', '2023年建造']",远大中央公园,天府新区南湖南湖大道333号,"['南北', '满二年', '近地铁', '绿化率高']"
3室2厅2卫,"['89.53㎡', '东', '低层(共22层)', '2016年建造']",东原时光道,青羊万家湾光华大道东四路78号,"['东', '热门小区', '近地铁', '配套成熟']"
3室2厅3卫,"['141.09㎡', '东南', '低层(共6层)', '2013年建造']",龙城1号,龙泉驿大面龙城大道1号,"['东南', '唯一住房', '近地铁', '绿化率高']"
4室2厅3卫,"['125.73㎡', '南', '低层(共34层)', '2020年建造']",南湖国际社区(南区),天府新区南湖南湖西路175号,"['南', '满二年', '近地铁', '次新房']"
4室2厅2卫,"['125㎡', '东南']",嘉裕第六洲林语台二期,崇州崇州城区崇阳大道3199号,"['南北通透', '厨卫全明', '双卫生间', '高绿化率']"
3室2厅2卫,"['98㎡', '南', '低层(共33层)', '2015年建造']",南湖国际社区(南区),天府新区南湖南湖西路175号,"['南', '满五年', '近地铁', '多人关注']"
3室2厅2卫,"['96.78㎡', '东', '高层(共30层)', '2016年建造']",炜岸城,龙泉驿大面驿都西路3666号,"['东', '唯一住房', '近地铁']"
3室2厅2卫,"['107.3㎡', '南北', '中层(共33层)', '2016年建造']",远大中央公园,天府新区南湖南湖大道333号,"['南北', '唯一住房', '近地铁', '绿化率高']"
3室2厅4卫,"['163㎡', '南']",中交凤凰华府,青白江凤凰新城凤福路66号,"['大户型', '车位充足']"
5室2厅2卫,"['122㎡', '西南', '低层(共33层)', '2013年建造']",龙城1号,龙泉驿大面龙城大道1号,"['西南', '满二年', '近地铁', '绿化率高']"
3室2厅2卫,"['85㎡', '南', '高层(共33层)', '2013年建造']",龙城1号,龙泉驿大面龙城大道1号,"['南', '满五年', '近地铁', '绿化率高']"
4室2厅2卫,"['121.31㎡', '南', '高层(共32层)', '2017年建造']",炜岸城,龙泉驿大面驿都西路3666号,"['南', '满二年', '近地铁']"
3室2厅2卫,"['103㎡', '南']",中海云缦源境,天府新区西博城遂州路3010号（临）,[]
3室2厅2卫,"['101.34㎡', '西南', '低层(共33层)', '2017年建造']",中海右岸(一期),双流华府剑南大道南段2688号,"['西南', '满五年', '近地铁', '车位充足']"
2室2厅1卫,"['119㎡', '北', '高层(共6层)', '2013年建造']",龙城1号,龙泉驿大面龙城大道1号,"['北', '唯一住房', '近地铁', '绿化率高']"
2室2厅1卫,"['83.58㎡', '西南', '高层(共16层)', '2014年建造']",保利香槟国际,高新西区百草路天目路77号,"['西南', '热门小区', '近地铁', '价格优惠']"
3室2厅2卫,"['117.36㎡', '南北', '低层(共6层)', '2013年建造']",龙城1号,龙泉驿大面龙城大道1号,"['南北', '满二年', '近地铁', '绿化率高']"
3室2厅1卫,"['74.39㎡', '南']",水岸雅居(新房),龙泉驿航天片区柏学中路666号,"['南北通透', '厨卫全明', '双阳台']"
3室2厅2卫,"['106.38㎡', '南', '高层(共33层)', '2019年建造']",远大中央公园,天府新区南湖南湖大道333号,"['南', '满五年', '近地铁', '绿化率高']"
3室2厅1卫,"['100.65㎡', '东', '高层(共7层)', '2017年建造']",炜岸城,龙泉驿大面驿都西路3666号,"['东', '满五年', '近地铁', '户型方正']"
3室2厅2卫,"['126㎡', '西北', '高层(共6层)', '2013年建造']",龙城1号,龙泉驿大面龙城大道1号,"['西北', '唯一住房', '近地铁', '绿化率高']"
4室2厅2卫,"['116.99㎡', '东']",嘉祥瑞庭熙岸(新房),郫都团结文影路89号,"['客餐厅相连', '主卧套房', '私密性好', '车位充足']"
3室2厅2卫,"['115.76㎡', '南北', '低层(共32层)', '2021年建造']",远大中央公园,天府新区南湖南湖大道333号,"['南北', '房东直卖', '满五年', '近地铁']"
3室2厅1卫,"['92.12㎡', '南', '中层(共32层)', '2013年建造']",中环西岸观邸,"金牛国宾金瑞路118号,金耀路47号","['南', '热门小区', '近地铁', '价格优惠']"
3室2厅2卫,"['88.16㎡', '东', '低层(共30层)', '2012年建造']",炜岸城,龙泉驿大面驿都西路3666号,"['东', '满二年', '近地铁']"
3室2厅2卫,"['102㎡', '南', '低层(共26层)', '2016年建造']",中海右岸(一期),双流华府剑南大道南段2688号,"['南', '满二年', '近地铁', '车位充足']"
4室2厅2卫,"['142㎡', '东南']",中绿园领秀金沙,青羊外光华清百路555号,"['南北通透', '厨卫全明', '主卧套房', '轨交房']"
3室2厅1卫,"['101.32㎡', '南', '中层(共7层)', '2017年建造']",炜岸城,龙泉驿大面驿都西路3666号,"['南', '满五年', '近地铁', '户型方正']"
3室2厅2卫,"['104㎡', '南', '低层(共32层)', '2018年建造']",远大中央公园,天府新区南湖南湖大道333号,"['南', '满二年', '近地铁', '绿化率高']"
3室2厅2卫,"['103.15㎡', '东', '高层(共33层)', '2012年建造']",炜岸城,龙泉驿大面驿都西路3666号,"['东', '唯一住房', '近地铁']"
4室3厅2卫,"['211㎡', '南']",珠江铂世湾,温江光华大道同兴东路899号,"['南北通透', '厨卫全明', '双阳台', '轨交房']"
4室2厅2卫,"['133㎡', '东', '中层(共34层)', '2013年建造']",南湖国际社区(南区),天府新区南湖南湖西路175号,"['东', '满二年', '近地铁']"
3室2厅2卫,"['131㎡', '北', '中层(共34层)', '2013年建造']",南湖国际社区(南区),天府新区南湖南湖西路175号,"['北', '满二年', '近地铁']"
3室2厅2卫,"['82.39㎡', '东南', '低层(共33层)', '2013年建造']",龙城1号,龙泉驿大面龙城大道1号,"['东南', '房东直卖', '满五年', '近地铁']"
4室2厅3卫,"['139㎡', '南北']",嘉禾凤栖和鸣,温江金马镇凤栖湖北路799号,"['大户型', '购物中心', '低容积']"
3室2厅2卫,"['128.33㎡', '南', '中层(共17层)', '2013年建造']",龙城1号,龙泉驿大面龙城大道1号,"['南', '满五年', '近地铁', '绿化率高']"
3室2厅2卫,"['114㎡', '西', '高层(共33层)', '2021年建造']",远大中央公园,天府新区南湖南湖大道333号,"['西', '满二年', '近地铁', '绿化率高']"
3室2厅2卫,"['114.38㎡', '南北', '中层(共11层)', '2006年建造']",万科魅力之城(一期),成华成渝立交万科北街2号,"['经纪人力荐', '近地铁', '南北通透', '价格优惠']"
3室2厅2卫,"['141.11㎡', '南', '中层(共25层)', '2021年建造']",王府井商务公寓,"锦江春熙路总府街15号,华兴正街9号","['南', '满五年', '近地铁', '次新房']"
4室2厅2卫,"['128㎡', '东']",星河WORLD九墅,温江光华大道柳林南路269号,"['私密性好', '主卧套房', '厨卫全明', '多轨交']"
4室2厅3卫,"['129.99㎡', '南', '共5层', '2023年建造']",青秀未遮山(一期),成华八里小区八里庄路69号,"['南', '满二年', '近地铁', '次新房']"
4室2厅2卫,"['146.96㎡', '南北', '中层(共27层)', '2023年建造']",雪松雅居乐IN天府,"成华火车东站峨眉山路999号,白龙江路299号","['南北', '有电梯', '近地铁', '车位充足']"
3室2厅2卫,"['113.97㎡', '南北', '高层(共11层)', '2016年建造']",钱江美域,都江堰都江堰城区文荟路1188号,"['南北', '有电梯', '车位充足']"
4室2厅2卫,"['141㎡', '南']",星河WORLD九墅,温江光华大道柳林南路269号,"['客餐厅相连', '私密性好', '主卧套房', '多轨交']"
4室2厅2卫,"['124.12㎡', '南', '低层(共31层)', '2019年建造']",北星城,金牛天回镇天龙南一路118号,"['南', '近地铁', '绿化率高']"
4室2厅2卫,"['135.2㎡', '北', '高层(共32层)', '2021年建造']",金隅上城郡,新都大丰蚕丛路181号,"['北', '近地铁', '优势户型', '随时可看']"
4室2厅2卫,"['143.47㎡', '东南', '中层(共32层)', '2020年建造']",恒大天府城邦(七期),新津新津城区新普路,"['东南', '满二年', '次新房']"
3室2厅1卫,"['97.53㎡', '南', '低层(共6层)', '2013年建造']",龙城1号,龙泉驿大面龙城大道1号,"['南', '满二年', '近地铁', '绿化率高']"
3室2厅2卫,"['118㎡', '南']",领地悦音阁,新都新都新城区育英路561号,"['客餐厅相连', '主卧套房', '厨卫全明', '购物中心']"
4室2厅2卫,"['136.29㎡', '南', '中层(共32层)', '2012年建造']",保利心语上府,高新区大源富华南路1606号,"['南', '近地铁']"
4室2厅2卫,"['137.12㎡', '西', '中层(共13层)', '2020年建造']",金科博翠粼湖,双流棠湖金河路三段95号,"['西', '满二年', '车位充足']"
3室2厅2卫,"['140.93㎡', '南', '中层(共25层)', '2019年建造']",王府井商务公寓,"锦江春熙路总府街15号,华兴正街9号","['南', '满五年', '近地铁', '多人关注']"
4室2厅3卫,"['143㎡', '南北']",嘉禾滨湖颂,双流华府怡心街道剑和路二段299号,"['南北通透', '厨卫全明', '主卧套房', '轨交房']"
3室2厅2卫,"['81.05㎡', '南北', '中层(共31层)', '2016年建造']",滨江和城,天府新区海洋公园万东路80号附1号,"['南北', '满五年', '近地铁', '车位充足']"
3室2厅2卫,"['119.4㎡', '南北', '低层(共23层)', '2023年建造']",叠香庄园悦府,新都新都新城区学院路东段600号,"['南北', '唯一住房', '近地铁', '车位充足']"
3室2厅1卫,"['116.28㎡', '南北', '高层(共32层)', '2012年建造']",保利心语观园国际,高新区大源富华南路1700号,"['南北', '满五年', '近地铁']"
4室2厅2卫,"['116㎡', '南']",深业和郡(新房),青白江凤凰新城凤祥大道2966号,"['大阳台', '主卧套房', '客餐厅相连', '车位充足']"
3室2厅2卫,"['98㎡', '南']",滨江郦城,成都周边彭山剑南大道与樱花大道交汇处,"['南北通透', '厨卫全明', '主卧套房']"
3室2厅3卫,"['125.73㎡', '南', '共3层', '2018年建造']",南湖国际社区(南区),天府新区南湖南湖西路175号,"['南', '满五年', '近地铁', '多人关注']"
3室2厅2卫,"['93.4㎡', '北', '高层(共33层)', '2019年建造']",中海右岸(一期),双流华府剑南大道南段2688号,"['北', '满二年', '近地铁', '车位充足']"
3室2厅2卫,"['94㎡', '南', '中层(共26层)', '2017年建造']",中海右岸(一期),双流华府剑南大道南段2688号,"['南', '满五年', '近地铁', '车位充足']"
3室2厅1卫,"['88.28㎡', '南', '低层(共33层)', '2016年建造']",中信城左岸,天府新区南湖美岸路一段66号,"['南', '满二年', '近地铁', '车位充足']"
3室2厅2卫,"['117.94㎡', '东', '低层(共33层)', '2017年建造']",中海右岸(一期),双流华府剑南大道南段2688号,"['东', '满二年', '近地铁', '车位充足']"
3室2厅2卫,"['112㎡', '南', '中层(共33层)', '2017年建造']",中海右岸(一期),双流华府剑南大道南段2688号,"['南', '满二年', '近地铁', '车位充足']"
3室2厅3卫,"['141.09㎡', '东南', '低层(共6层)', '2013年建造']",龙城1号,龙泉驿大面龙城大道1号,"['东南', '唯一住房', '近地铁', '绿化率高']"
4室2厅3卫,"['106.38㎡', '南北', '低层(共33层)', '2023年建造']",远大中央公园,天府新区南湖南湖大道333号,"['南北', '满二年', '近地铁', '绿化率高']"
3室2厅2卫,"['118㎡', '西南', '低层(共33层)', '2017年建造']",中海右岸(一期),双流华府剑南大道南段2688号,"['西南', '满二年', '近地铁', '车位充足']"
4室2厅3卫,"['98.11㎡', '南北', '低层(共6层)', '2018年建造']",中信城左岸,天府新区南湖美岸路一段66号,"['南北', '满五年', '近地铁', '车位充足']"
3室1厅2卫,"['97.3㎡', '南', '中层(共26层)', '2016年建造']",中信城左岸,天府新区南湖美岸路一段66号,"['南', '满五年', '近地铁', '车位充足']"
4室2厅3卫,"['98㎡', '南', '低层(共33层)', '2020年建造']",中信城左岸,天府新区南湖美岸路一段66号,"['南', '满二年', '近地铁', '车位充足']"
3室2厅2卫,"['98㎡', '南', '低层(共33层)', '2015年建造']",南湖国际社区(南区),天府新区南湖南湖西路175号,"['南', '满五年', '近地铁', '多人关注']"
3室2厅1卫,"['85.27㎡', '东', '高层(共33层)', '2018年建造']",中海右岸(一期),双流华府剑南大道南段2688号,"['东', '有电梯', '近地铁', '车位充足']"
4室2厅2卫,"['106.38㎡', '南北', '低层(共32层)', '2022年建造']",远大中央公园,天府新区南湖南湖大道333号,"['南北', '满二年', '近地铁', '绿化率高']"
3室2厅2卫,"['101.34㎡', '西南', '低层(共33层)', '2017年建造']",中海右岸(一期),双流华府剑南大道南段2688号,"['西南', '满五年', '近地铁', '车位充足']"
3室2厅2卫,"['102.39㎡', '南', '中层(共32层)', '2019年建造']",远大中央公园,天府新区南湖南湖大道333号,"['南', '满二年', '近地铁', '绿化率高']"
4室2厅2卫,"['128.86㎡', '南', '低层(共34层)', '2015年建造']",南湖国际社区(南区),天府新区南湖南湖西路175号,"['南', '唯一住房', '近地铁']"
3室2厅2卫,"['87.35㎡', '南', '中层(共33层)', '2017年建造']",炜岸城,龙泉驿大面驿都西路3666号,"['南', '满五年', '近地铁', '户型方正']"
2室2厅1卫,"['81.63㎡', '北', '低层(共33层)', '2017年建造']",远大中央公园,天府新区南湖南湖大道333号,"['北', '满五年', '近地铁', '绿化率高']"
3室2厅1卫,"['85.86㎡', '南', '中层(共33层)', '2017年建造']",远大中央公园,天府新区南湖南湖大道333号,"['南', '满二年', '近地铁', '绿化率高']"
2室2厅2卫,"['84㎡', '南']",澳洲湾(新房),新都三河兴城大道533号,"['南北通透', '厨卫全明', '双阳台', '轨交房']"
5室3厅5卫,"['121.14㎡', '南北', '低层(共34层)', '2020年建造']",南湖国际社区(南区),天府新区南湖南湖西路175号,"['南北', '满五年', '近地铁', '次新房']"
3室2厅2卫,"['115.76㎡', '南', '低层(共32层)', '2019年建造']",远大中央公园,天府新区南湖南湖大道333号,"['南', '满二年', '近地铁', '绿化率高']"
3室2厅2卫,"['124㎡', '西', '低层(共34层)', '2013年建造']",南湖国际社区(南区),天府新区南湖南湖西路175号,"['西', '房东直卖', '满二年', '近地铁']"
3室2厅2卫,"['96.78㎡', '东', '高层(共30层)', '2016年建造']",炜岸城,龙泉驿大面驿都西路3666号,"['东', '唯一住房', '近地铁']"
3室2厅2卫,"['85㎡', '南', '高层(共33层)', '2013年建造']",龙城1号,龙泉驿大面龙城大道1号,"['南', '满五年', '近地铁', '绿化率高']"
4室2厅3卫,"['125.73㎡', '南', '低层(共34层)', '2020年建造']",南湖国际社区(南区),天府新区南湖南湖西路175号,"['南', '满二年', '近地铁', '次新房']"
3室2厅1卫,"['89.35㎡', '北', '高层(共33层)', '2019年建造']",中海右岸(一期),双流华府剑南大道南段2688号,"['北', '满二年', '近地铁', '车位充足']"
4室2厅2卫,"['121.31㎡', '南', '高层(共32层)', '2017年建造']",炜岸城,龙泉驿大面驿都西路3666号,"['南', '满二年', '近地铁']"
3室2厅1卫,"['85.3㎡', '北', '中层(共33层)', '2016年建造']",中海右岸(一期),双流华府剑南大道南段2688号,"['北', '满二年', '近地铁', '车位充足']"
3室2厅2卫,"['110.98㎡', '西', '低层(共33层)', '2016年建造']",中海右岸(一期),双流华府剑南大道南段2688号,"['西', '满二年', '近地铁', '车位充足']"
4室2厅2卫,"['133㎡', '东', '中层(共34层)', '2013年建造']",南湖国际社区(南区),天府新区南湖南湖西路175号,"['东', '满二年', '近地铁']"
3室2厅1卫,"['97㎡', '东', '高层(共32层)', '2018年建造']",远大中央公园,天府新区南湖南湖大道333号,"['东', '满二年', '近地铁', '绿化率高']"
3室2厅2卫,"['111.4㎡', '西北', '高层(共6层)', '2013年建造']",龙城1号,龙泉驿大面龙城大道1号,"['西北', '满五年', '近地铁', '绿化率高']"
3室2厅2卫,"['117.04㎡', '西', '中层(共34层)', '2013年建造']",南湖国际社区(南区),天府新区南湖南湖西路175号,"['西', '满五年', '近地铁']"
3室2厅1卫,"['101.32㎡', '南', '中层(共7层)', '2017年建造']",炜岸城,龙泉驿大面驿都西路3666号,"['南', '满五年', '近地铁', '户型方正']"
4室2厅2卫,"['133.87㎡', '西', '中层(共34层)', '2013年建造']",南湖国际社区(南区),天府新区南湖南湖西路175号,"['西', '满二年', '近地铁']"
3室2厅2卫,"['114㎡', '南', '低层(共33层)', '2021年建造']",远大中央公园,天府新区南湖南湖大道333号,"['南', '满二年', '近地铁', '绿化率高']"
2室2厅2卫,"['74.34㎡', '南', '低层(共52层)', '2024年建造']",恒大广场,青羊天府广场提督街99号,"['南', '满五年', '近地铁', '车位充足']"
4室2厅2卫,"['121.84㎡', '东', '低层(共32层)', '2016年建造']",炜岸城,龙泉驿大面驿都西路3666号,"['东', '房东直卖', '满二年', '近地铁']"
3室2厅2卫,"['107.91㎡', '南', '中层(共32层)', '2020年建造']",恒大御府1期,新都宝光寺运力路197号,"['南', '满五年', '车位充足']"
4室2厅3卫,"['129.99㎡', '南', '共5层', '2023年建造']",青秀未遮山(一期),成华八里小区八里庄路69号,"['南', '满二年', '近地铁', '次新房']"
3室2厅1卫,"['95.37㎡', '南北', '中层(共24层)', '2014年建造']",中海兰庭,高新区大源盛邦街333号,"['南北', '满五年', '近地铁']"
3室2厅1卫,"['83㎡', '西北', '中层(共39层)', '2016年建造']",汇融广场B区,新都大丰金源街18号,"['西北', '满五年', '近地铁', '车位充足']"
5室2厅2卫,"['122㎡', '西南', '低层(共33层)', '2013年建造']",龙城1号,龙泉驿大面龙城大道1号,"['西南', '满二年', '近地铁', '绿化率高']"
3室2厅1卫,"['75.25㎡', '南北', '低层(共25层)', '2013年建造']",时代水岸康城,郫都红光幸福路北一段169号,"['南北', '满五年', '近地铁', '绿化率高']"
4室2厅3卫,"['172.43㎡', '南', '低层(共6层)', '2005年建造']",博雅桂湖郡,新都新都老城区天缘路二段278号,"['南', '满二年', '近地铁']"
3室2厅1卫,"['97.04㎡', '东南', '高层(共18层)', '2000年建造']",泰立观筑,"郫都郫筒书院街111号,书院街145号","['东南', '近地铁', '绿化率高']"
3室2厅2卫,"['118.85㎡', '南', '中层(共33层)', '2020年建造']",中海右岸(一期),双流华府剑南大道南段2688号,"['南', '满五年', '近地铁', '车位充足']"
4室2厅2卫,"['122.41㎡', '南北', '中层(共34层)', '2009年建造']",蓝谷地五期,锦江川师水杉街166号,"['南北', '满五年', '近地铁']"
1室1厅1卫,"['49.22㎡', '南北', '高层(共24层)', '2018年建造']",天欣苑,"高新西区西源大道天欣路26号,天骄西路11号","['南北', '满五年', '近地铁']"
3室2厅1卫,"['89.93㎡', '南北', '中层(共28层)', '2014年建造']",新里柏仕公馆,成华火车东站金马河路8号,"['南北', '满五年', '近地铁']"
3室2厅2卫,"['104㎡', '南', '低层(共32层)', '2018年建造']",远大中央公园,天府新区南湖南湖大道333号,"['南', '满二年', '近地铁', '绿化率高']"
3室2厅2卫,"['106.38㎡', '南', '高层(共33层)', '2019年建造']",远大中央公园,天府新区南湖南湖大道333号,"['南', '满五年', '近地铁', '绿化率高']"
3室2厅1卫,"['97.53㎡', '南', '低层(共6层)', '2013年建造']",龙城1号,龙泉驿大面龙城大道1号,"['南', '满二年', '近地铁', '绿化率高']"
3室2厅2卫,"['126㎡', '西北', '高层(共6层)', '2013年建造']",龙城1号,龙泉驿大面龙城大道1号,"['西北', '唯一住房', '近地铁', '绿化率高']"
5室2厅2卫,"['122.68㎡', '西南', '高层(共33层)', '2013年建造']",龙城1号,龙泉驿大面龙城大道1号,"['西南', '满五年', '近地铁', '绿化率高']"
3室2厅2卫,"['136.15㎡', '南', '中层(共6层)', '2004年建造']",天府明珠花园,郫都犀浦泰山南街61号,"['南', '满二年', '近地铁']"
3室2厅2卫,"['98㎡', '南']",滨江郦城,成都周边彭山剑南大道与樱花大道交汇处,"['南北通透', '厨卫全明', '主卧套房']"
3室2厅2卫,"['93.4㎡', '北', '高层(共33层)', '2019年建造']",中海右岸(一期),双流华府剑南大道南段2688号,"['北', '满二年', '近地铁', '车位充足']"
3室2厅3卫,"['125.73㎡', '南', '共3层', '2018年建造']",南湖国际社区(南区),天府新区南湖南湖西路175号,"['南', '满五年', '近地铁', '多人关注']"
3室2厅1卫,"['88.28㎡', '南', '低层(共33层)', '2016年建造']",中信城左岸,天府新区南湖美岸路一段66号,"['南', '满二年', '近地铁', '车位充足']"
3室1厅2卫,"['97.3㎡', '南', '中层(共26层)', '2016年建造']",中信城左岸,天府新区南湖美岸路一段66号,"['南', '满五年', '近地铁', '车位充足']"
3室2厅2卫,"['94㎡', '南', '中层(共26层)', '2017年建造']",中海右岸(一期),双流华府剑南大道南段2688号,"['南', '满五年', '近地铁', '车位充足']"
3室2厅2卫,"['117.94㎡', '东', '低层(共33层)', '2017年建造']",中海右岸(一期),双流华府剑南大道南段2688号,"['东', '满二年', '近地铁', '车位充足']"
4室2厅3卫,"['98㎡', '南', '低层(共33层)', '2020年建造']",中信城左岸,天府新区南湖美岸路一段66号,"['南', '满二年', '近地铁', '车位充足']"
4室2厅3卫,"['98.11㎡', '南北', '低层(共6层)', '2018年建造']",中信城左岸,天府新区南湖美岸路一段66号,"['南北', '满五年', '近地铁', '车位充足']"
3室2厅2卫,"['112㎡', '南', '中层(共33层)', '2017年建造']",中海右岸(一期),双流华府剑南大道南段2688号,"['南', '满二年', '近地铁', '车位充足']"
3室2厅2卫,"['124㎡', '西', '低层(共34层)', '2013年建造']",南湖国际社区(南区),天府新区南湖南湖西路175号,"['西', '房东直卖', '满二年', '近地铁']"
3室2厅2卫,"['118㎡', '西南', '低层(共33层)', '2017年建造']",中海右岸(一期),双流华府剑南大道南段2688号,"['西南', '满二年', '近地铁', '车位充足']"
3室2厅2卫,"['124㎡', '西', '高层(共34层)', '2013年建造']",南湖国际社区(南区),天府新区南湖南湖西路175号,"['西', '唯一住房', '近地铁']"
3室2厅1卫,"['85.27㎡', '东', '高层(共33层)', '2018年建造']",中海右岸(一期),双流华府剑南大道南段2688号,"['东', '有电梯', '近地铁', '车位充足']"
3室2厅2卫,"['118.85㎡', '南', '中层(共33层)', '2020年建造']",中海右岸(一期),双流华府剑南大道南段2688号,"['南', '满五年', '近地铁', '车位充足']"
3室2厅1卫,"['89.35㎡', '北', '高层(共33层)', '2019年建造']",中海右岸(一期),双流华府剑南大道南段2688号,"['北', '满二年', '近地铁', '车位充足']"
2室2厅2卫,"['84㎡', '南']",澳洲湾(新房),新都三河兴城大道533号,"['南北通透', '厨卫全明', '双阳台', '轨交房']"
4室2厅3卫,"['106.38㎡', '南北', '低层(共33层)', '2023年建造']",远大中央公园,天府新区南湖南湖大道333号,"['南北', '满二年', '近地铁', '绿化率高']"
4室2厅3卫,"['125.73㎡', '南', '低层(共34层)', '2020年建造']",南湖国际社区(南区),天府新区南湖南湖西路175号,"['南', '满二年', '近地铁', '次新房']"
3室2厅2卫,"['98㎡', '南', '低层(共33层)', '2015年建造']",南湖国际社区(南区),天府新区南湖南湖西路175号,"['南', '满五年', '近地铁', '多人关注']"
3室2厅2卫,"['115.76㎡', '南', '低层(共32层)', '2019年建造']",远大中央公园,天府新区南湖南湖大道333号,"['南', '满二年', '近地铁', '绿化率高']"
5室3厅5卫,"['121.14㎡', '南北', '低层(共34层)', '2020年建造']",南湖国际社区(南区),天府新区南湖南湖西路175号,"['南北', '满五年', '近地铁', '次新房']"
5室2厅2卫,"['122㎡', '西南', '低层(共33层)', '2013年建造']",龙城1号,龙泉驿大面龙城大道1号,"['西南', '满二年', '近地铁', '绿化率高']"
4室2厅2卫,"['106.38㎡', '南北', '低层(共32层)', '2022年建造']",远大中央公园,天府新区南湖南湖大道333号,"['南北', '满二年', '近地铁', '绿化率高']"
3室2厅2卫,"['107.3㎡', '南北', '中层(共33层)', '2016年建造']",远大中央公园,天府新区南湖南湖大道333号,"['南北', '唯一住房', '近地铁', '绿化率高']"
2室2厅1卫,"['119㎡', '北', '高层(共6层)', '2013年建造']",龙城1号,龙泉驿大面龙城大道1号,"['北', '唯一住房', '近地铁', '绿化率高']"
3室2厅2卫,"['96.78㎡', '东', '高层(共30层)', '2016年建造']",炜岸城,龙泉驿大面驿都西路3666号,"['东', '唯一住房', '近地铁']"
3室2厅2卫,"['117.36㎡', '南北', '低层(共6层)', '2013年建造']",龙城1号,龙泉驿大面龙城大道1号,"['南北', '满二年', '近地铁', '绿化率高']"
3室2厅2卫,"['85㎡', '南', '高层(共33层)', '2013年建造']",龙城1号,龙泉驿大面龙城大道1号,"['南', '满五年', '近地铁', '绿化率高']"
3室2厅2卫,"['101.34㎡', '西南', '低层(共33层)', '2017年建造']",中海右岸(一期),双流华府剑南大道南段2688号,"['西南', '满五年', '近地铁', '车位充足']"
3室2厅2卫,"['108.1㎡', '西', '低层(共30层)', '2018年建造']",远大中央公园,天府新区南湖南湖大道333号,"['西', '满二年', '近地铁', '绿化率高']"
4室2厅2卫,"['121.71㎡', '南', '低层(共32层)', '2017年建造']",炜岸城,龙泉驿大面驿都西路3666号,"['南', '房东直卖', '满五年', '近地铁']"
3室2厅3卫,"['141.09㎡', '东南', '低层(共6层)', '2013年建造']",龙城1号,龙泉驿大面龙城大道1号,"['东南', '唯一住房', '近地铁', '绿化率高']"
3室2厅2卫,"['106.38㎡', '南', '高层(共33层)', '2019年建造']",远大中央公园,天府新区南湖南湖大道333号,"['南', '满五年', '近地铁', '绿化率高']"
4室2厅2卫,"['121.31㎡', '南', '高层(共32层)', '2017年建造']",炜岸城,龙泉驿大面驿都西路3666号,"['南', '满二年', '近地铁']"
3室2厅2卫,"['87.35㎡', '南', '中层(共33层)', '2017年建造']",炜岸城,龙泉驿大面驿都西路3666号,"['南', '满五年', '近地铁', '户型方正']"
3室2厅2卫,"['95.81㎡', '北', '高层(共33层)', '2019年建造']",远大中央公园,天府新区南湖南湖大道333号,"['北', '满二年', '近地铁', '绿化率高']"
3室2厅2卫,"['88.16㎡', '东', '低层(共30层)', '2012年建造']",炜岸城,龙泉驿大面驿都西路3666号,"['东', '满二年', '近地铁']"
3室2厅2卫,"['123.66㎡', '南', '中层(共6层)', '2013年建造']",龙城1号,龙泉驿大面龙城大道1号,"['南', '满五年', '近地铁', '绿化率高']"
3室2厅1卫,"['100.65㎡', '东', '高层(共7层)', '2017年建造']",炜岸城,龙泉驿大面驿都西路3666号,"['东', '满五年', '近地铁', '户型方正']"
3室2厅1卫,"['101.32㎡', '南', '中层(共7层)', '2017年建造']",炜岸城,龙泉驿大面驿都西路3666号,"['南', '满五年', '近地铁', '户型方正']"
3室2厅2卫,"['126㎡', '西北', '高层(共6层)', '2013年建造']",龙城1号,龙泉驿大面龙城大道1号,"['西北', '唯一住房', '近地铁', '绿化率高']"
3室2厅2卫,"['103.15㎡', '东', '高层(共33层)', '2012年建造']",炜岸城,龙泉驿大面驿都西路3666号,"['东', '唯一住房', '近地铁']"
2室1厅1卫,"['72.56㎡', '西', '高层(共33层)', '2017年建造']",中海右岸(一期),双流华府剑南大道南段2688号,"['西', '满二年', '近地铁', '车位充足']"
4室2厅2卫,"['129㎡', '北', '中层(共34层)', '2013年建造']",南湖国际社区(南区),天府新区南湖南湖西路175号,"['北', '唯一住房', '近地铁']"
3室2厅2卫,"['124.21㎡', '南北', '中层(共6层)', '2013年建造']",龙城1号,龙泉驿大面龙城大道1号,"['南北', '唯一住房', '近地铁', '绿化率高']"
4室2厅2卫,"['156.88㎡', '北', '高层(共6层)', '2013年建造']",龙城1号,龙泉驿大面龙城大道1号,"['北', '满五年', '近地铁', '绿化率高']"
5室2厅2卫,"['122.68㎡', '西南', '高层(共33层)', '2013年建造']",龙城1号,龙泉驿大面龙城大道1号,"['西南', '满五年', '近地铁', '绿化率高']"
2室2厅2卫,"['88.56㎡', '南北', '中层(共23层)', '2022年建造']",正成财富ID(商住楼),锦江春熙路梓潼桥西街2号,"['南北', '近地铁', '次新房']"
3室2厅2卫,"['120㎡', '东', '高层(共34层)', '2013年建造']",南湖国际社区(南区),天府新区南湖南湖西路175号,"['东', '唯一住房', '近地铁']"
3室2厅1卫,"['116.28㎡', '南北', '高层(共32层)', '2012年建造']",保利心语观园国际,高新区大源富华南路1700号,"['南北', '满五年', '近地铁']"
3室2厅2卫,"['141.11㎡', '南', '中层(共25层)', '2021年建造']",王府井商务公寓,"锦江春熙路总府街15号,华兴正街9号","['南', '满五年', '近地铁', '次新房']"
4室2厅2卫,"['147.14㎡', '南北', '中层(共27层)', '2021年建造']",雪松雅居乐IN天府,"成华火车东站峨眉山路999号,白龙江路299号","['南北', '有电梯', '近地铁', '车位充足']"
3室2厅2卫,"['114㎡', '南', '低层(共33层)', '2021年建造']",远大中央公园,天府新区南湖南湖大道333号,"['南', '满二年', '近地铁', '绿化率高']"
3室2厅1卫,"['97.45㎡', '南北', '中层(共24层)', '2011年建造']",中海兰庭,高新区大源盛邦街333号,"['南北', '近地铁']"
3室2厅3卫,"['92.12㎡', '南北', '低层(共34层)', '2020年建造']",洛森堡碟郡新殿,天府新区麓山麓山大道一段630号,"['南北', '满五年', '近地铁', '次新房']"
3室2厅3卫,"['86.16㎡', '南北', '低层(共34层)', '2020年建造']",红树湾,"高新区中和中和大道二段69号,府兴路57号","['南北', '满五年', '近地铁', '次新房']"
3室2厅1卫,"['95.37㎡', '南北', '中层(共24层)', '2014年建造']",中海兰庭,高新区大源盛邦街333号,"['南北', '满五年', '近地铁']"
3室2厅2卫,"['140.93㎡', '南', '中层(共25层)', '2019年建造']",王府井商务公寓,"锦江春熙路总府街15号,华兴正街9号","['南', '满五年', '近地铁', '多人关注']"
3室2厅2卫,"['105.15㎡', '南北', '低层(共32层)', '2018年建造']",南湖半岛,天府新区南湖南湖北路189号,"['南北', '满五年', '近地铁', '多人关注']"
3室2厅1卫,"['85.27㎡', '东', '高层(共33层)', '2018年建造']",中海右岸(一期),双流华府剑南大道南段2688号,"['东', '近地铁', '随时可看']"
3室2厅2卫,"['105.96㎡', '东', '低层(共25层)', '2016年建造']",中铁银杏广场,郫都红光广场路北四段10号,"['东', '近地铁']"
3室2厅1卫,"['91.25㎡', '南', '高层(共24层)', '2018年建造']",千禧河畔D区,温江温江城区江安路666号,"['南', '满二年', '近地铁', '绿化率高']"
3室2厅2卫,"['87.92㎡', '西北', '高层(共34层)', '2012年建造']",果壳里的城,"龙泉驿政务中心大连北路78号,北泉路1188号","['西北', '唯一住房', '近地铁', '绿化率高']"
3室2厅2卫,"['90.1㎡', '东北', '低层(共33层)', '2010年建造']",中房红枫岭(三期),成华建设路建设南路160号,"['东北', '满五年', '近地铁']"
3室2厅1卫,"['91.38㎡', '南', '低层(共26层)', '2020年建造']",人居东城花汇,锦江三圣乡栀子街1097号,"['南', '满二年', '次新房']"
3室2厅2卫,"['87.96㎡', '东', '高层(共17层)', '2018年建造']",合力达卓越南城,双流文星空港一路一段189号,"['东', '唯一住房', '近地铁', '车位充足']"
3室2厅1卫,"['84.2㎡', '南', '中层(共34层)', '2016年建造']",中国铁建北湖国际城,成华龙潭寺湖秀二路8号,"['南', '满五年', '车位充足']"
2室2厅1卫,"['81.06㎡', '西南', '高层(共24层)', '2015年建造']","丰怡阳光B,C区","新都大丰崇义桥街187号,铁石板街65号","['西南', '满五年', '近地铁']"
3室2厅2卫,"['93.1㎡', '北', '低层(共24层)', '2018年建造']",万科第五城四期,双流蛟龙港康家宴路二段188号,"['北', '近地铁', '车位充足']"
3室2厅1卫,"['94㎡', '西', '高层(共32层)', '2017年建造']",中洲锦城湖岸,高新区大源天府一街616号,"['西', '房东直卖', '满五年', '近地铁']"
3室2厅2卫,"['99㎡', '南', '高层(共33层)', '2018年建造']",皇冠湖壹号,龙泉驿东安湖桃都大道中段999号,"['南', '满五年', '近地铁', '户型方正']"
3室2厅1卫,"['87.19㎡', '西北', '中层(共32层)', '2019年建造']",华熙528艺术村锦都,锦江三圣乡银木街61号,"['西北', '唯一住房', '近地铁', '车位充足']"
3室1厅1卫,"['90.13㎡', '南北', '中层(共26层)', '2010年建造']",蜀都惠园,成华双桥子水碾河路25号,"['南北', '近地铁']"
2室2厅1卫,"['89.27㎡', '西', '高层(共16层)', '2012年建造']",中华名园(三期D区),武侯外双楠顺和横街29号,"['西', '满五年', '近地铁']"
3室2厅1卫,"['90.26㎡', '南', '低层(共33层)', '2009年建造']",曦城,金牛花牌坊金仙桥路8号,"['南', '满五年', '近地铁']"
3室2厅1卫,"['65.18㎡', '东北', '中层(共33层)', '2016年建造']",蓝光COCO国际(一期),成华动物园龙厢街299号,"['东北', '新上小区', '价格优惠', '房东急售']"
3室2厅2卫,"['85.17㎡', '东南', '低层(共25层)', '2019年建造']",万科理想城三期星河,郫都犀浦学园路285号,"['东南', '近地铁']"
4室2厅2卫,"['138.85㎡', '南北', '共5层', '2010年建造']",锦绣森邻,温江光华大道温泉大道一段1399号,"['南北', '满二年', '近地铁', '多人关注']"
3室2厅2卫,"['93.05㎡', '南北', '低层(共24层)', '2019年建造']",万科第五城四期,双流蛟龙港康家宴路二段188号,"['南北', '满二年', '近地铁', '车位充足']"
5室2厅2卫,"['73.4㎡', '东南', '高层(共34层)', '2014年建造']",橡树湾B区,"郫都红光银润南一路55号,西区大道1398号","['东南', '满五年', '近地铁']"
3室2厅2卫,"['99㎡', '西北', '低层(共34层)', '2016年建造']",万锦城,"双流华府华府大道三段268号,华府大道三段869号","['西北', '唯一住房', '近地铁']"
3室2厅1卫,"['91㎡', '南', '中层(共32层)', '2016年建造']",蜀郡又一城,"天府新区华阳伏龙北巷168号,华府大道一段518号","['南', '满五年', '近地铁', '绿化率高']"
2室2厅1卫,"['73.09㎡', '南北', '高层(共28层)', '2017年建造']",益州国际广场,天府新区华阳华府大道一段688号,"['南北', '满五年', '近地铁', '车位充足']"
2室2厅1卫,"['90.56㎡', '北', '低层(共30层)', '2019年建造']",中德英伦世邦(F区),高新区南延线梓州大道5900号,"['北', '满二年', '近地铁', '采光较好']"
4室2厅2卫,"['117㎡', '南', '中层(共17层)', '2013年建造']",边城香格里,温江光华大道清泉南街99号,"['南', '近地铁', '满五']"
2室2厅1卫,"['82.59㎡', '东', '中层(共15层)', '2015年建造']",大成郡,"双流航空港大件路文星段156号,星月路69号","['东', '满二年']"
2室2厅1卫,"['70.16㎡', '西南', '中层(共18层)', '2014年建造']",九州金色港湾,青白江文体中心凤祥大道78号,"['经纪人力荐', '西南', '满五年']"
4室2厅2卫,"['97.55㎡', '西南', '低层(共31层)', '2013年建造']",华邑阳光里,郫都犀浦校园路东段188号,"['西南', '满五年', '近地铁']"
3室2厅3卫,"['92.12㎡', '南北', '低层(共34层)', '2020年建造']",洛森堡碟郡新殿,天府新区麓山麓山大道一段630号,"['南北', '满五年', '近地铁', '次新房']"
3室2厅1卫,"['98㎡', '东', '高层(共27层)', '2015年建造']",北新上锦一期,新都大丰通力路65号,"['东', '满五年', '近地铁']"
3室2厅1卫,"['95.47㎡', '南', '高层(共34层)', '2010年建造']",蓝光香境,温江光华大道凤凰北大街666号,"['南', '满五年', '近地铁', '户型方正']"
3室2厅1卫,"['92.54㎡', '北', '中层(共33层)', '2021年建造']",首钢蓉城里,成华龙潭寺湖秀二路66号,"['北', '满二年', '车位充足']"
2室1厅1卫,"['85.57㎡', '北', '低层(共47层)', '2018年建造']",中德英伦联邦(C区),高新区南延线观东二街59号,"['北', '满五年', '近地铁', '车位充足']"
3室2厅1卫,"['86.23㎡', '东北', '高层(共26层)', '2014年建造']",桂湖名城,"新都新都老城区电子路中段144号,励志路一段68号","['东北', '优势户型', '房东急售', '随时可看']"
3室2厅2卫,"['83㎡', '东南', '高层(共40层)', '2016年建造']",蓝润V客东都,锦江三圣乡银木街505号,"['东南', '满五年', '近地铁']"
3室2厅1卫,"['87㎡', '南', '中层(共27层)', '2016年建造']",万科金色城品,龙泉驿十陵金桂路600号,"['南', '近地铁', '绿化率高']"
3室2厅1卫,"['89.73㎡', '南北', '中层(共18层)', '2012年建造']",清溪雅筑,青羊外光华培风路271号,"['南北', '满二年', '近地铁']"
3室2厅1卫,"['81.35㎡', '南', '中层(共32层)', '2017年建造']",保利爱尚里,新都大丰诚信路456号,"['南', '满二年', '车位充足']"
3室2厅1卫,"['103.47㎡', '南北', '低层(共7层)', '1999年建造']",成都市青羊区公安分局宿舍,青羊草堂牧电后街6号,"['南北', '满五年', '近地铁', '车位充足']"
3室2厅2卫,"['94㎡', '南北', '中层(共32层)', '2018年建造']",戛纳湾金棕榈,天府新区华阳协和下街588号,"['南北', '满五年', '近地铁', '绿化率高']"
3室2厅2卫,"['90.01㎡', '东南', '低层(共21层)', '2018年建造']",万科城臻园,"郫都犀浦两河东路319号,天辰路190号","['东南', '热门小区', '近地铁', '配套成熟']"
3室2厅2卫,"['93.88㎡', '南', '中层(共33层)', '2021年建造']",首钢蓉城里,成华龙潭寺湖秀二路66号,"['南', '满二年', '车位充足', '采光较好']"
3室2厅2卫,"['98.41㎡', '东', '高层(共31层)', '2019年建造']",保利爱尚里,新都大丰诚信路456号,"['东', '满二年', '车位充足']"
3室2厅1卫,"['89㎡', '南', '低层(共34层)', '2015年建造']",人居锦尚春天A区,锦江三圣乡樱花街1238号,"['南', '房东直卖', '满五年', '近地铁']"
3室2厅2卫,"['85.17㎡', '东', '高层(共25层)', '2019年建造']",万科理想城三期星河,郫都犀浦学园路285号,"['东', '近地铁']"
3室2厅1卫,"['93.23㎡', '东', '中层(共31层)', '2021年建造']",绿岛筑,"锦江锦江周边紫檀街224号,白桦林路999号","['东', '满二年', '车位充足']"
3室2厅1卫,"['93㎡', '南', '低层(共18层)', '2010年建造']",文星花园,双流文星川大路三段266号,"['南', '唯一住房', '近地铁', '人气热搜']"
3室2厅2卫,"['89.7㎡', '南', '低层(共19层)', '2012年建造']",凯德风尚,青羊万家湾成飞大道南段199号,"['南', '热门小区', '南北通透', '满五']"
3室2厅2卫,"['98.89㎡', '南北', '高层(共16层)', '2011年建造']",泉水人家二期B区,金牛五块石朗润路2号,"['南北', '满五年', '近地铁', '多人关注']"
3室2厅1卫,"['79.16㎡', '南', '中层(共42层)', '2016年建造']",中国铁建北湖国际城,成华龙潭寺湖秀二路8号,"['南', '房东直卖', '满二年', '车位充足']"
3室2厅1卫,"['102.73㎡', '南', '中层(共6层)', '2012年建造']",御源大湖区,龙泉驿政务中心驿都大道中路900号,"['南', '满五年', '近地铁', '绿化率高']"
3室2厅2卫,"['87㎡', '东北', '中层(共33层)', '2010年建造']",金茂光明城市,天府新区华阳华府大道一段996号,"['东北', '满五年', '近地铁']"
3室2厅2卫,"['89㎡', '西南', '低层(共34层)', '2016年建造']",佳年华新生活(B区),温江光华大道江安路518号,"['西南', '满二年', '近地铁', '绿化率高']"
3室2厅1卫,"['89.32㎡', '东南', '低层(共34层)', '2008年建造']",上东锦城A区,锦江川师静祥路33号,"['东南', '房东直卖', '满二年', '近地铁']"
3室2厅1卫,"['88.85㎡', '南北', '高层(共7层)', '1999年建造']",浣花北路26号院,青羊浣花小区浣花北路26号,"['南北', '满五年', '近地铁']"
3室1厅1卫,"['83㎡', '南北', '中层(共21层)', '2006年建造']",戛纳湾畔,天府新区华阳滨河路二段366号,"['南北', '房东直卖', '满五年', '近地铁']"
3室2厅1卫,"['74㎡', '东北', '中层(共25层)', '2020年建造']",万科理想城三期星河,郫都犀浦学园路285号,"['东北', '满二年', '近地铁', '次新房']"
3室2厅2卫,"['135.9㎡', '南', '低层(共11层)', '2020年建造']",保利天和,金牛天回镇天龙大道909号,"['南', '满二年', '近地铁', '车位充足']"
3室2厅1卫,"['86.05㎡', '南北', '中层(共34层)', '2013年建造']",首创国际城(二期),成华成渝立交和美西路8号,"['南北', '满五年', '近地铁', '户型方正']"
3室2厅1卫,"['88.1㎡', '东北', '中层(共16层)', '2010年建造']",中华名园(二期),武侯外双楠顺和街89号,"['东北', '满五年', '近地铁']"
3室2厅2卫,"['114.04㎡', '南', '高层(共26层)', '2012年建造']",汇景新城,"新都石油大学新泰东路144号,蜀龙大道中段1011号","['南', '近地铁', '车位充足']"
3室2厅2卫,"['89㎡', '南', '高层(共33层)', '2018年建造']",金科天宸(A区),温江光华大道共和东路366号,"['经纪人力荐', '南', '房东直卖', '唯一住房']"
3室2厅1卫,"['88.35㎡', '南北', '高层(共33层)', '2016年建造']",绿地城,新都大丰诚信路199号,"['南北', '满五年', '近地铁', '绿化率高']"
3室2厅1卫,"['86.22㎡', '南', '中层(共11层)', '2015年建造']",莱茵北郡,新都三河厚诚路123号,"['南', '满五年', '近地铁', '户型方正']"
3室2厅2卫,"['92.53㎡', '南', '中层(共25层)', '2019年建造']",保利城四期B区,新都大丰宝丰巷80号,"['南', '满五年', '采光较好', '多人关注']"
3室2厅2卫,"['90.41㎡', '西', '低层(共24层)', '2018年建造']",万科第五城四期,双流蛟龙港康家宴路二段188号,"['西', '满二年', '近地铁', '车位充足']"
2室2厅1卫,"['86.61㎡', '南北', '高层(共18层)', '2016年建造']",成都合院(一期),高新西区西源大道西源大道1313号,"['南北', '满五年', '近地铁', '车位充足']"
3室2厅2卫,"['98.52㎡', '南', '低层(共32层)', '2017年建造']",四川煤田光华之心,温江光华大道乐善路77号,"['南', '满五', '房东急售', '随时可看']"
4室2厅3卫,"['143.78㎡', '南', '中层(共30层)', '2020年建造']",蓝光长岛国际三期,双流蛟龙港江美南路128号,"['南', '满二年', '车位充足']"
3室2厅2卫,"['84.14㎡', '南', '低层(共18层)', '2020年建造']",合力达卓越南城,双流文星空港一路一段189号,"['南', '房东直卖', '满五年', '近地铁']"
3室1厅1卫,"['81.96㎡', '南北', '中层(共7层)', '1998年建造']",王家塘巷11号院,青羊新城市广场王家塘巷11号,"['南北', '满五年', '近地铁']"
3室2厅2卫,"['112.33㎡', '南北', '中层(共7层)', '2005年建造']",花香庭园,武侯清水河万华街39号,"['南北', '满五年']"
3室2厅1卫,"['90.96㎡', '南北', '高层(共31层)', '2016年建造']",蓝光锦绣城(五期),成华成渝立交和美东路177号,"['南北', '房东直卖', '满二年', '近地铁']"
3室2厅1卫,"['86.64㎡', '东', '高层(共18层)', '2012年建造']",正成拉斐,金牛国宾兴科北路8号,"['东', '满二年', '近地铁']"
3室2厅2卫,"['91.82㎡', '西南', '高层(共32层)', '2018年建造']",戛纳湾金棕榈,天府新区华阳协和下街588号,"['西南', '热门小区', '南北通透', '满五']"
3室2厅2卫,"['81㎡', '南', '高层(共29层)', '2017年建造']",润扬双铁广场,"郫都犀浦双铁路112号,天府路88号","['南', '满二年', '近地铁', '绿化率高']"
3室2厅2卫,"['132.83㎡', '南北', '低层(共11层)', '2010年建造']",青羊教师公寓(培风路),"青羊外光华培风路80号,培风东街277号","['南北', '热门小区', '近地铁', '价格优惠']"
3室2厅1卫,"['85.32㎡', '东南', '低层(共34层)', '2018年建造']",首创娇子1号,锦江三圣乡棣棠路870号,"['东南', '近地铁', '车位充足']"
3室2厅2卫,"['89.84㎡', '东南', '高层(共33层)', '2015年建造']",中德英伦联邦(B区),"高新区南延线梓州大道5500号,会龙路365号","['东南', '满二年', '近地铁', '车位充足']"
3室2厅2卫,"['103㎡', '南北', '中层(共32层)', '2012年建造']",保利心语上府,高新区大源富华南路1606号,"['南北', '满五年', '近地铁', '户型方正']"
3室2厅2卫,"['98.21㎡', '南', '高层(共24层)', '2018年建造']",兴唐中心城,龙泉驿总站片区卧龙街260号,"['南', '满五年', '近地铁']"
3室2厅2卫,"['92.01㎡', '南北', '高层(共31层)', '2021年建造']",富豪公馆,新都石油大学兴乐北路333号,"['南北', '有电梯', '近地铁', '绿化率高']"
3室2厅2卫,"['112㎡', '南', '中层(共33层)', '2017年建造']",中海右岸(一期),双流华府剑南大道南段2688号,"['南', '热门小区', '南北通透', '满五']"
2室2厅1卫,"['82.46㎡', '东', '高层(共18层)', '2012年建造']",清水路苑,青羊外光华武青北路西货站路312号,"['东', '满二年', '近地铁']"
4室2厅2卫,"['125㎡', '南北', '中层(共34层)', '2020年建造']",花样年香门第北区,郫都郫筒蜀信西路577号,"['南北', '满五年', '近地铁', '次新房']"
3室2厅2卫,"['117.13㎡', '南', '中层(共9层)', '2005年建造']",兴元嘉园,武侯五大花园果堰街8号,"['南', '满五年', '近地铁']"
3室2厅2卫,"['96.78㎡', '东', '高层(共30层)', '2016年建造']",炜岸城,龙泉驿大面驿都西路3666号,"['东', '唯一住房', '近地铁']"
3室2厅1卫,"['80.25㎡', '南', '高层(共34层)', '2017年建造']",佳兆业丽晶公馆,"温江光华大道花都大道西段318号,诚心路99号","['南', '热门小区', '配套成熟', '价格优惠']"
3室2厅2卫,"['87㎡', '南', '中层(共31层)', '2017年建造']",润扬观澜鹭岛二期,"新都新都新城区育英路,曲景东路139号","['南', '满二年', '车位充足', '采光较好']"
2室2厅1卫,"['77.58㎡', '东', '高层(共39层)', '2015年建造']",卓锦万黛,龙泉驿大面龙城大道666号,"['东', '满五年', '绿化率高']"
3室2厅1卫,"['78.29㎡', '南', '中层(共23层)', '2011年建造']",神仙树馨苑,"高新区新北新乐路410号,新乐中街277号","['南', '满五年', '近地铁']"
3室2厅1卫,"['89.23㎡', '南北', '中层(共32层)', '2009年建造']",中海兰庭,高新区大源盛邦街333号,"['南北', '满五年', '近地铁']"
3室2厅1卫,"['87.76㎡', '南', '高层(共18层)', '2010年建造']",龙湖丽景B区,成华龙潭寺火神庙路65号,"['南', '满五年']"
2室2厅1卫,"['91㎡', '北', '中层(共21层)', '2013年建造']",汇景新城,"新都石油大学新泰东路144号,蜀龙大道中段1011号","['经纪人力荐', '北', '有电梯', '近地铁']"
2室2厅1卫,"['83.25㎡', '南北', '低层(共31层)', '2015年建造']",天鹅湖北苑,"高新区世纪城世纪城路996号,天府大道中段177号","['南北', '满五年', '近地铁', '绿化率高']"
3室2厅2卫,"['106.98㎡', '南', '低层(共18层)', '2004年建造']",润扬北城1号,新都石油大学万和北路8号,"['南', '满五年', '近地铁', '绿化率高']"
3室2厅1卫,"['92.16㎡', '南北', '高层(共25层)', '2017年建造']",凯德世纪名邸西庭,高新区大源天府一街1339号,"['南北', '满五年', '近地铁']"
3室2厅1卫,"['95.37㎡', '南北', '中层(共24层)', '2014年建造']",中海兰庭,高新区大源盛邦街333号,"['南北', '满五年', '近地铁']"
3室2厅2卫,"['113㎡', '东', '高层(共33层)', '2021年建造']",远大中央公园,天府新区南湖南湖大道333号,"['东', '满二年', '近地铁', '绿化率高']"
3室2厅2卫,"['95.67㎡', '西', '高层(共25层)', '2019年建造']",保利公园里(一期),"金牛天回镇大天路,天龙南一路222号","['西', '近地铁', '车位充足']"
3室2厅1卫,"['88㎡', '南', '中层(共38层)', '2017年建造']",洲际亚洲湾B区,温江光华大道江浦路288号,"['南', '满二年', '近地铁', '车位充足']"
3室2厅2卫,"['91.65㎡', '南', '高层(共21层)', '2018年建造']",万科城臻园,"郫都犀浦两河东路319号,天辰路190号","['南', '满二年', '近地铁', '户型方正']"
3室2厅1卫,"['87.07㎡', '北', '高层(共48层)', '2021年建造']",华润云庭,龙泉驿大面金枫路68号,"['北', '房东直卖', '满二年', '次新房']"
3室2厅1卫,"['94.33㎡', '东', '高层(共13层)', '2018年建造']",北大资源燕楠国际(一期),双流东升镇航都大街二段756号,"['东', '有电梯', '近地铁', '车位充足']"
3室2厅2卫,"['94㎡', '西南', '中层(共34层)', '2015年建造']",世茂城三期,"龙泉驿大面新建路88号,金茶路855号","['西南', '满二年']"
3室2厅1卫,"['83㎡', '南', '高层(共41层)', '2018年建造']",中国铁建北湖国际城二期,成华龙潭寺湖景四路2号,"['南', '满五年']"
3室2厅1卫,"['89.24㎡', '南', '中层(共18层)', '2011年建造']",南城都汇汇雅园,"高新区理想中心博雅街86号,博雅街88号","['南', '房东直卖', '有电梯', '近地铁']"
3室2厅2卫,"['97.88㎡', '南北', '低层(共14层)', '2020年建造']",佳兆业8号君樾,双流东升镇佳居路155号,"['南北', '热门小区', '价格优惠', '房东急售']"
3室2厅1卫,"['91.71㎡', '南', '低层(共18层)', '2013年建造']",中铁骑士公馆,武侯外双楠福锦路一段622号,"['南', '满五年', '近地铁']"
3室2厅2卫,"['108.39㎡', '南', '中层(共32层)', '2018年建造']",恒大滨河左岸(一期),新都三河绕城大道南二段1240号,"['南', '有电梯', '近地铁', '绿化率高']"
3室2厅2卫,"['95.19㎡', '南', '低层(共25层)', '2017年建造']",保利城四期A区,新都大丰大丰街道宝丰巷55号,"['南', '满二年', '车位充足']"
4室2厅2卫,"['116.88㎡', '南', '低层(共33层)', '2018年建造']",复地御香山,天府新区麓湖生态城天府大道南一段2917号,"['南', '满二年', '近地铁']"
3室2厅1卫,"['91.23㎡', '南北', '低层(共20层)', '2012年建造']",光华碧邻,青羊万家湾光华西二路126号,"['南北', '配套成熟', '房东急售', '随时可看']"
2室2厅2卫,"['89.95㎡', '东', '中层(共29层)', '2012年建造']",时代晶科名苑,"高新区理想中心天晖路346号,府城大道中段188号","['东', '房东直卖', '满五年', '近地铁']"
3室2厅1卫,"['89.2㎡', '南北', '低层(共32层)', '2008年建造']",华润二十四城1期,成华万年场双成二路39号,"['南北', '热门小区', '近地铁', '配套成熟']"
3室2厅1卫,"['96.25㎡', '东南', '中层(共6层)', '2013年建造']",艺锦湾,龙泉驿政务中心北泉路1068号,"['东南', '满五年', '近地铁', '绿化率高']"
3室2厅2卫,"['95.1㎡', '北', '高层(共25层)', '2018年建造']",蓝润光华春天B区,温江光华大道鸡鸣路588号,"['北', '满二年', '近地铁', '车位充足']"
3室2厅1卫,"['110㎡', '南', '中层(共6层)', '2000年建造']",怡和新居二期,龙泉驿龙泉驿周边怡居路139号,"['南', '近地铁', '新上小区', '优势户型']"
2室2厅2卫,"['91.22㎡', '南北', '低层(共24层)', '2014年建造']",雅颂居(一期),高新区大源荣华北路299号,"['南北', '满五年', '近地铁']"
3室2厅2卫,"['81.74㎡', '南', '低层(共34层)', '2013年建造']",橡树湾B区,"郫都红光银润南一路55号,西区大道1398号","['南', '满二年', '近地铁', '采光较好']"
3室2厅2卫,"['97.45㎡', '南', '低层(共33层)', '2019年建造']",瀚城新天地,青白江凤凰新城大弯学苑路218号,"['南', '满二年', '车位充足']"
3室2厅2卫,"['111.87㎡', '南', '中层(共7层)', '1999年建造']",斜阳路7号院,青羊草堂斜阳路7号,"['南', '满五年', '近地铁', '车位充足']"
3室2厅2卫,"['104.24㎡', '南北', '中层(共21层)', '2010年建造']",锦绣光华,青羊外光华中坝街29号,"['南北', '满五年', '近地铁']"
3室2厅2卫,"['110㎡', '南', '高层(共26层)', '2015年建造']",西汇清江别韵,"郫都郫筒清江二街33号,德源北路二段555号","['南', '近地铁', '车位充足']"
3室2厅1卫,"['91.39㎡', '东', '中层(共12层)', '2016年建造']",蜀镇观澜湖,双流蛟龙港金江西路88号,"['东', '采光较好']"
3室2厅1卫,"['78.69㎡', '南', '低层(共33层)', '2015年建造']",华润凯旋天地,锦江川师锦绣大道3688号,"['南', '满五年', '近地铁', '采光较好']"
2室2厅1卫,"['81.01㎡', '西', '高层(共33层)', '2016年建造']",美城云庭,双流华府剑南大道南段338号,"['西', '满五年', '近地铁', '车位充足']"
3室2厅2卫,"['89.77㎡', '南', '中层(共34层)', '2012年建造']",首创东公元,龙泉驿政务中心北泉路909号,"['南', 'VIP房东直卖', '满五年', '近地铁']"
2室1厅1卫,"['85.93㎡', '南北', '高层(共32层)', '2018年建造']",北成8号,"金牛人民北路人民北路一段8号,万担仓路2号","['南北', '满五年', '近地铁', '车位充足']"
3室2厅1卫,"['91.09㎡', '南北', '中层(共32层)', '2020年建造']",中洲锦城湖岸,高新区大源天府一街616号,"['南北', '满五年', '近地铁', '次新房']"
5室3厅5卫,"['121.14㎡', '南北', '低层(共34层)', '2020年建造']",南湖国际社区(南区),天府新区南湖南湖西路175号,"['经纪人力荐', '南北', '满五年', '近地铁']"
4室2厅2卫,"['124.12㎡', '南', '低层(共31层)', '2019年建造']",北星城,金牛天回镇天龙南一路118号,"['南', '近地铁', '绿化率高']"
3室2厅1卫,"['89㎡', '东', '低层(共17层)', '2015年建造']",前锋空港国际,"双流航空港长江路三段88号,长江路三段30号","['东', '满五年', '车位充足']"
3室2厅1卫,"['89.87㎡', '南北', '低层(共34层)', '2015年建造']",人居锦尚春天A区,锦江三圣乡樱花街1238号,"['南北', '满五年', '近地铁', '多人关注']"
2室2厅2卫,"['91.79㎡', '南北', '高层(共28层)', '2012年建造']",雅颂居(一期),高新区大源荣华北路299号,"['南北', '满五年', '近地铁']"
3室2厅1卫,"['78.09㎡', '东北', '高层(共32层)', '2020年建造']",中铁骑士府邸,"双流华府剑南大道2266号,协中路111号","['东北', '南北通透', '满五', '房东急售']"
3室2厅1卫,"['93.25㎡', '南', '低层(共30层)', '2018年建造']",家益凤凰富居,新都大丰甫家一路东段289号,"['南', '满二年', '近地铁', '车位充足']"
3室2厅2卫,"['89.12㎡', '南', '高层(共33层)', '2017年建造']",明信仕林府,温江温江城区百信路188号,"['南', '近地铁', '房东急售', '随时可看']"
4室2厅3卫,"['189.44㎡', '南', '高层(共32层)', '2015年建造']",珠江御景湾,温江光华大道燎原路228号,"['南', '房东直卖', '满五年', '近地铁']"
3室2厅1卫,"['90.42㎡', '南北', '低层(共26层)', '2018年建造']",浪琴湾,青羊贝森瑞南街33号,"['南北', '满五年', '近地铁']"
3室2厅1卫,"['91.33㎡', '西北', '高层(共17层)', '2012年建造']",源丰河滨鹭岛,郫都蜀都万达凉水井西路46号,"['西北', '满五年', '近地铁', '多人关注']"
3室2厅1卫,"['85.63㎡', '东南', '中层(共17层)', '2017年建造']",蓝润华府春天,双流华府光电大道289号,"['东南', '满五年']"
3室2厅2卫,"['95.16㎡', '北', '高层(共34层)', '2019年建造']",花样年香门第北区,郫都郫筒蜀信西路577号,"['北', '满二年', '近地铁']"
3室2厅1卫,"['88.55㎡', '西南', '高层(共32层)', '2011年建造']",佳乐国际城三期,"新都三河乐城金街83号,乐城金街88号","['西南', '满五年']"
3室2厅2卫,"['141.11㎡', '南', '中层(共25层)', '2021年建造']",王府井商务公寓,"锦江春熙路总府街15号,华兴正街9号","['南', '满五年', '近地铁', '次新房']"
4室2厅2卫,"['143.83㎡', '西南', '高层(共33层)', '2018年建造']",首开龙湖紫宸(二期),金牛茶店子花照壁西顺街267号,"['西南', '房东直卖', '满五年', '近地铁']"
3室2厅1卫,"['91.19㎡', '南', '中层(共23层)', '2018年建造']",中航城,郫都红光鹃兴路666号,"['南', '房东直卖', '满二年']"
4室2厅3卫,"['171.65㎡', '南', '共4层', '2015年建造']",月映长滩栖湖(别墅),"温江金马镇太极大道666号,横湖路66号","['南', '车位充足']"
3室1厅2卫,"['127.62㎡', '南', '高层(共26层)', '2022年建造']",人居锦城峰荟荟澜阁,锦江三圣乡椿树街393号,"['南', '配套成熟', '优势户型', '房东急售']"
3室2厅2卫,"['90.7㎡', '南', '高层(共32层)', '2019年建造']",中冶中央公园,郫都郫筒梨园路一段708号,"['南', '满五年', '近地铁']"
3室2厅2卫,"['98.08㎡', '南', '低层(共15层)', '2018年建造']",佳兆业西城广场,青羊青羊周边乐平五路198号,"['南', '价格优惠', '房东急售', '随时可看']"
3室2厅1卫,"['81.3㎡', '南', '高层(共7层)', '1994年建造']",牧电路21号院,青羊浣花小区牧电路21号,"['南', '近地铁']"
3室2厅1卫,"['97.95㎡', '东北', '低层(共33层)', '2016年建造']",雅居乐十里花巷,天府新区雅居乐麓山大道二段19号附7号,"['东北', '房东直卖', '满二年', '车位充足']"
4室2厅2卫,"['123.15㎡', '南', '中层(共27层)', '2019年建造']",蓝光公园华府,龙泉驿大面成龙大道金枫路398号,"['南', '满二年', '车位充足']"
3室2厅1卫,"['88.99㎡', '南', '高层(共11层)', '2010年建造']",万科魅力之城(四期),成华成渝立交万科路4号,"['南', '近地铁', '绿化率高']"
3室2厅1卫,"['90㎡', '西', '中层(共29层)', '2011年建造']",ICON尚郡,高新区大源盛邦街899号,"['西', '热门小区', '南北通透', '满五']"
3室2厅2卫,"['98㎡', '南', '低层(共33层)', '2015年建造']",南湖国际社区(南区),天府新区南湖南湖西路175号,"['南', '满五年', '近地铁', '多人关注']"
3室2厅2卫,"['98.4㎡', '东', '中层(共31层)', '2016年建造']",保利爱尚里,新都大丰诚信路456号,"['东', '满二年', '车位充足', '户型方正']"
3室2厅2卫,"['131.47㎡', '南', '中层(共24层)', '2013年建造']",中新公园大道,温江光华大道清泉北街66号,"['南', '满五年', '近地铁']"
3室2厅2卫,"['93.19㎡', '南', '高层(共34层)', '2019年建造']",新景鼎南川宇,"高新区中和新成仁路139号,康和西一街36号","['南', '满五年', '近地铁', '车位充足']"
3室2厅2卫,"['94.64㎡', '南', '中层(共18层)', '2014年建造']",莱茵北郡,新都三河厚诚路123号,"['南', '满五年', '近地铁', '采光较好']"
3室2厅1卫,"['74.21㎡', '东北', '中层(共25层)', '2019年建造']",万科理想城三期星河,郫都犀浦学园路285号,"['东北', '满二年', '近地铁']"
3室2厅1卫,"['78.44㎡', '南北', '低层(共7层)', '1990年建造']",五块石成长司宿舍,青羊草堂大石东路右三巷5号,"['南北', '满五年', '近地铁']"
3室2厅2卫,"['84.24㎡', '东南', '中层(共25层)', '2019年建造']",时代悦城,郫都郫筒中信大道三段,"['东南', '满二年', '近地铁']"
3室2厅2卫,"['89.9㎡', '南', '中层(共22层)', '2015年建造']",比华利国际城三期,锦江川师佳宏北路39号,"['南', '满五年', '近地铁']"
2室2厅1卫,"['81.55㎡', '南', '中层(共18层)', '2013年建造']",慕和南道,天府新区华阳华府大道一段898号,"['南', '满五年', '近地铁']"
3室2厅2卫,"['91.08㎡', '南北', '低层(共30层)', '2018年建造']",龙湖时代天街,高新西区西源大道合作路89号,"['南北', '满五年', '近地铁', '车位充足']"
3室2厅1卫,"['93.19㎡', '南', '低层(共18层)', '2017年建造']",大都保峰玖著,新都三河园香路199号,"['南', '唯一住房', '近地铁', '采光较好']"
3室2厅2卫,"['90.8㎡', '西', '高层(共18层)', '2012年建造']",合能珍宝翡翠,双流棠湖银河路四段188号,"['西', '满五年', '车位充足']"
3室2厅2卫,"['111㎡', '东', '低层(共32层)', '2012年建造']",保利心语观园国际,高新区大源富华南路1700号,"['东', '房东直卖', '满五年', '近地铁']"
3室2厅2卫,"['95.61㎡', '西', '中层(共31层)', '2022年建造']",保利爱尚里,新都大丰诚信路456号,"['西', '车位充足']"
3室2厅2卫,"['106.63㎡', '南', '低层(共32层)', '2018年建造']",皇冠湖壹号,龙泉驿东安湖桃都大道中段999号,"['南', '满五年', '近地铁']"
3室2厅2卫,"['91.96㎡', '南', '中层(共29层)', '2017年建造']",昊园江南壹品,"龙泉驿西河成洛大道109号,西江大道518号","['南', '满二年', '车位充足']"
3室2厅2卫,"['125.73㎡', '南', '低层(共18层)', '2015年建造']",黄金时代(高新),"高新区中和应龙北一路121号,吉龙一街188号","['南', '满五年', '近地铁', '车位充足']"
3室2厅2卫,"['93.23㎡', '南', '低层(共26层)', '2017年建造']",龙光君悦华庭(一期),郫都郫筒和平南二街123号,"['南', '房东直卖', '满二年', '近地铁']"
3室2厅1卫,"['95.2㎡', '南北', '高层(共18层)', '2014年建造']",保利城(一期),新都大丰甫家一路东段689号,"['南北', '满五年', '近地铁', '车位充足']"
3室2厅2卫,"['124.96㎡', '南', '中层(共6层)', '2004年建造']",风林假日,金牛高家庄蜀西路20号,"['南', '满五年', '近地铁', '绿化率高']"
2室2厅1卫,"['87.17㎡', '西南', '低层(共33层)', '2010年建造']",中房红枫岭(二期),"成华建设路枫林路123号,圣灯路111号","['西南', '满五年', '近地铁']"
2室2厅1卫,"['88.48㎡', '南北', '高层(共6层)', '2000年建造']",竹韵菁华,青羊浣花小区青华路42号,"['南北', '近地铁', '车位充足']"
3室2厅2卫,"['93.29㎡', '南北', '高层(共29层)', '2018年建造']",碧桂园城市花园,金牛天回镇天龙南三路316号,"['南北', '近地铁']"
3室2厅1卫,"['89.68㎡', '东', '中层(共32层)', '2017年建造']",新城吾悦广场,龙泉驿东安湖桃都大道888号,"['东', '满五年', '近地铁', '绿化率高']"
4室2厅2卫,"['138.19㎡', '西北', '高层(共11层)', '2021年建造']",中南樾府,"金牛天回镇聚霞路933号,聚沙路288号","['西北', '满二年', '近地铁', '车位充足']"
3室2厅1卫,"['83.86㎡', '南', '中层(共34层)', '2016年建造']",锦江国际花园,锦江川师锦绣大道3555号,"['南', '满五年', '近地铁', '绿化率高']"
3室2厅2卫,"['96.12㎡', '南北', '低层(共42层)', '2019年建造']",万科翡翠公园,天府新区锦江生态带瑞祥西街818号,"['南北', '满二年', '近地铁', '车位充足']"
3室2厅1卫,"['91.67㎡', '南', '中层(共20层)', '2007年建造']",禾嘉利好,金牛荷花池二环北三段199号,"['南', '满五年', '近地铁']"
4室2厅2卫,"['117.64㎡', '南北', '高层(共6层)', '2012年建造']",中铁瑞景澜庭,温江光华大道花都大道西段266号,"['南北', '近地铁']"
3室2厅2卫,"['83.51㎡', '南北', '高层(共29层)', '2019年建造']",明信城B区,"温江南熏大道百信路,近杨柳东路南段","['南北', '满二年', '近地铁', '车位充足']"
3室2厅2卫,"['91.7㎡', '东南', '低层(共23层)', '2018年建造']",万科城,郫都犀浦两河东路115号,"['东南', '近地铁', '价格优惠', '随时可看']"
3室2厅2卫,"['92.55㎡', '西南', '中层(共18层)', '2015年建造']",月映长滩栖悦,温江金马镇兴元路3398号,"['西南', '满二年', '户型方正']"
3室2厅2卫,"['93.3㎡', '南', '高层(共22层)', '2019年建造']",铂悦郡(一期),郫都红光红光路北一段299号,"['南', '有电梯', '近地铁']"
3室2厅2卫,"['90.8㎡', '南北', '低层(共33层)', '2019年建造']",保利爱尚里,新都大丰诚信路456号,"['南北', '满二年', '车位充足']"
3室2厅1卫,"['86㎡', '南', '高层(共18层)', '2015年建造']",舜苑一里阳光沃客郡,郫都郫筒望丛东路308号,"['南', '热门小区', '配套成熟', '随时可看']"
3室2厅2卫,"['95㎡', '南北', '中层(共32层)', '2019年建造']",保利春天花语,新都大丰赵家寺路386号,"['南北', '满二年', '近地铁', '多人关注']"
3室2厅1卫,"['88.18㎡', '南北', '低层(共47层)', '2018年建造']",金地天府城,高新区南延线海洋路109号,"['南北', '近地铁', '价格优惠', '随时可看']"
3室2厅2卫,"['98.64㎡', '南', '低层(共25层)', '2015年建造']",保利城四期A区,新都大丰大丰街道宝丰巷55号,"['南', '车位充足']"
3室2厅1卫,"['83.08㎡', '南', '中层(共27层)', '2012年建造']",九形道,新都大丰赵家寺路99号,"['南', '近地铁', '车位充足']"
4室2厅2卫,"['115.23㎡', '南', '低层(共32层)', '2021年建造']",北辰南湖香麓,天府新区南湖美岸路二段199号,"['南', '满二年', '近地铁', '车位充足']"
3室2厅1卫,"['82.76㎡', '东', '高层(共34层)', '2014年建造']",合能珍宝琥珀一二期,"温江光华大道凤凰南大街174号,花土路1519号","['东', '满二年', '近地铁']"
3室2厅2卫,"['105㎡', '南', '高层(共26层)', '2018年建造']",汇景新城,"新都石油大学新泰东路144号,蜀龙大道中段1011号","['南', '满二年', '近地铁', '车位充足']"
3室2厅2卫,"['90.44㎡', '南北', '低层(共34层)', '2019年建造']",新城吾悦广场,龙泉驿东安湖桃都大道888号,"['南北', '满五年', '近地铁', '绿化率高']"
3室2厅2卫,"['99.68㎡', '东南', '低层(共18层)', '2023年建造']",中建锦绣天地,郫都蜀都万达五显庙下街271号,"['东南', '满二年', '车位充足', '采光较好']"
2室2厅1卫,"['88㎡', '南北', '低层(共32层)', '2010年建造']",中海兰庭,高新区大源盛邦街333号,"['南北', '满二年', '近地铁']"
3室2厅1卫,"['73.88㎡', '南', '中层(共33层)', '2016年建造']",中粮锦云,成华杉板桥崔家店横二街42号,"['南', '房东直卖', '满五年', '近地铁']"
2室2厅1卫,"['83.02㎡', '南', '高层(共34层)', '2011年建造']",西西里二期公园前,"金牛茶店子育仁北路128号,育仁北路123号","['南', '满五年', '近地铁']"
3室2厅2卫,"['115.76㎡', '西北', '低层(共32层)', '2018年建造']",远大中央公园,天府新区南湖南湖大道333号,"['西北', '满五年', '近地铁', '绿化率高']"
2室2厅1卫,"['89.77㎡', '南北', '高层(共31层)', '2015年建造']",现代城,"金牛沙湾沙湾路258号,金沙路169号","['南北', '满五年', '近地铁', '车位充足']"
3室2厅2卫,"['219.92㎡', '南北', '低层(共32层)', '2008年建造']",天鹅湖花园,高新区世纪城天府大道中段177号,"['南北', '满五年', '近地铁', '绿化率高']"
1室1厅1卫,"['56.01㎡', '南北', '中层(共18层)', '2022年建造']",缤纷假日,青羊太升路白丝街2号,"['南北', '满五年', '近地铁', '次新房']"
3室2厅2卫,"['110.56㎡', '南', '高层(共32层)', '2010年建造']",芙蓉名城三期,新都石油大学清源路300号,"['南', '满五年', '近地铁', '动线良好']"
3室2厅1卫,"['83㎡', '北', '低层(共16层)', '2016年建造']",蓝光圣菲悦城,"双流航空港黄河中路二段9号,西航港街段大件路白家段996号","['北', '满二年', '近地铁']"
3室2厅2卫,"['94.34㎡', '西', '低层(共41层)', '2016年建造']",天府逸家二期,龙泉驿大面金槐街158号,"['西', '满二年']"
3室2厅1卫,"['88㎡', '东南', '低层(共39层)', '2015年建造']",金地天府城,高新区南延线海洋路109号,"['东南', '唯一住房', '近地铁']"
3室0厅0卫,"['86.45㎡', '西南', '中层(共34层)', '2012年建造']",果壳里的城,"龙泉驿政务中心大连北路78号,北泉路1188号","['西南', '唯一住房', '近地铁', '绿化率高']"
5室2厅3卫,"['186.22㎡', '南', '高层(共27层)', '2012年建造']",保利蔷薇郡,新都三河蔷薇路348号,"['经纪人力荐', '南', '有电梯', '绿化率高']"
3室2厅2卫,"['90㎡', '东北', '低层(共21层)', '2018年建造']",万科城臻园,"郫都犀浦两河东路319号,天辰路190号","['东北', '近地铁']"
3室2厅1卫,"['92.08㎡', '南北', '低层(共7层)', '1998年建造']",博雅园,青羊长顺街四道街5号,"['南北', '配套成熟', '优势户型', '随时可看']"
3室2厅1卫,"['89.93㎡', '南北', '中层(共28层)', '2014年建造']",新里柏仕公馆,成华火车东站金马河路8号,"['南北', '满五年', '近地铁']"
3室2厅1卫,"['81.24㎡', '南北', '高层(共26层)', '2009年建造']",富丽碧蔓汀,"金牛李家沱解放东街33号,解放路一段75号","['南北', '满五年', '近地铁']"
3室2厅1卫,"['76.05㎡', '南北', '中层(共30层)', '2015年建造']",圣采泊尚,新都大丰敬成路501号,"['南北', '近地铁']"
3室2厅2卫,"['129㎡', '西北', '低层(共48层)', '2015年建造']",龙湖世纪峰景,高新区世纪城世纪城路418号,"['西北', '满五年', '近地铁']"
3室2厅2卫,"['89.14㎡', '南', '低层(共16层)', '2015年建造']",当代璞誉,武侯武侯周边兆景路,"['南', '满五年', '近地铁', '车位充足']"
4室2厅2卫,"['156.9㎡', '南北', '中层(共31层)', '2021年建造']",人居花照云庭,金牛交大路一品天下大街808号,"['南北', '满五年', '近地铁', '车位充足']"
3室2厅1卫,"['86.27㎡', '西', '中层(共16层)', '2014年建造']",蓝润棠湖春天,双流航空港福通路99号,"['西', '满五年']"
3室1厅1卫,"['83.86㎡', '南', '低层(共26层)', '2012年建造']",麦田国际社区,新都新都老城区工业大道西段393号,"['南', '满五年', '近地铁']"
3室2厅2卫,"['92.58㎡', '南北', '低层(共34层)', '2017年建造']",雄飞生活广场,龙泉驿西河成洛大道3199号,"['南北', '有电梯', '近地铁', '车位充足']"
3室2厅1卫,"['96.45㎡', '东', '中层(共30层)', '2012年建造']",深业泰然怡湖玫瑰苑,青白江青白江城区青江北路69号,"['东', '满五年', '户型方正']"
4室2厅2卫,"['133.85㎡', '北', '中层(共34层)', '2020年建造']",保利天汇,"金牛天回镇天高路766号,天龙北三路366号","['北', '近地铁', '车位充足']"
2室2厅1卫,"['84.8㎡', '东南', '中层(共30层)', '2010年建造']",西城公馆,"金牛一品天下一品天下大街399号,茶店子正街18号","['东南', '满五年', '近地铁', '绿化率高']"
3室2厅2卫,"['117.94㎡', '东', '低层(共33层)', '2017年建造']",中海右岸(一期),双流华府剑南大道南段2688号,"['东', '满二年', '近地铁', '车位充足']"
3室2厅2卫,"['90.05㎡', '西', '低层(共32层)', '2017年建造']",保利爱尚里,新都大丰诚信路456号,"['西', '车位充足']"
3室2厅1卫,"['89.8㎡', '东南', '中层(共32层)', '2012年建造']",新里柏仕公馆,成华火车东站金马河路8号,"['东南', '满五年', '近地铁']"
4室2厅2卫,"['115.19㎡', '东', '高层(共33层)', '2019年建造']",澳洲湾,新都新都老城区兴城大道533号,"['东', '有电梯', '近地铁', '车位充足']"
3室2厅2卫,"['117.36㎡', '南北', '低层(共6层)', '2013年建造']",龙城1号,龙泉驿大面龙城大道1号,"['南北', '满二年', '近地铁', '绿化率高']"
3室2厅1卫,"['88.28㎡', '北', '高层(共18层)', '2013年建造']",中国铁建青秀城,成华青龙场致顺路555号,"['北', '新上小区', '随时可看']"
3室1厅1卫,"['73.31㎡', '南', '低层(共23层)', '2014年建造']",绿地国际花都三期,郫都郫筒创智南一路39号,"['南', '房东直卖', '满五年', '近地铁']"
3室2厅1卫,"['83.36㎡', '南', '低层(共34层)', '2011年建造']",龙湖弗莱明戈一期,郫都郫筒蜀信东路18号,"['南', '热门小区', '近地铁', '配套成熟']"
3室2厅2卫,"['105.72㎡', '东南', '中层(共17层)', '2020年建造']",铂景台,郫都犀浦两河西路9号,"['东南', '唯一住房', '近地铁', '绿化率高']"
3室2厅2卫,"['95㎡', '东北', '高层(共33层)', '2021年建造']",奥园玖俪湾,新都斑竹园中利路,"['东北', '房东直卖', '满二年', '近地铁']"
4室2厅2卫,"['120㎡', '东', '高层(共32层)', '2018年建造']",碧桂园海德公园,双流彭镇花园路二段333号,"['东', '车位充足']"
3室2厅2卫,"['113.5㎡', '南北', '中层(共34层)', '2020年建造']",中海云麓世家,双流华府和顺路二段55号,"['南北', '有电梯', '近地铁', '车位充足']"
3室2厅1卫,"['89㎡', '南', '低层(共26层)', '2020年建造']",雪松雅居乐IN天府,"成华火车东站峨眉山路999号,白龙江路299号","['南', '满五年', '近地铁', '车位充足']"
4室2厅1卫,"['92.19㎡', '南', '低层(共6层)', '2003年建造']",出水芙蓉,天府新区华阳利通路99号,"['南', '满五年', '近地铁', '绿化率高']"
2室2厅1卫,"['72.94㎡', '南', '低层(共6层)', '2003年建造']",城市绿舟花园,金牛交大路长庆路1号,"['南', '满五年', '近地铁']"
3室2厅2卫,"['96.84㎡', '北', '中层(共16层)', '2011年建造']",佰客郡,双流航空港机场路常乐二段111号,"['北', '满五年']"
3室2厅2卫,"['82㎡', '南北', '低层(共25层)', '2018年建造']",朗基少帅府,郫都犀浦万福新街45号,"['南北', '热门小区', '新上小区', '房东急售']"
2室2厅1卫,"['87.56㎡', '南', '中层(共32层)', '2014年建造']",名著司南,高新区南延线雅和南一路99号,"['南', '满五年', '近地铁', '多人关注']"
4室2厅2卫,"['133.11㎡', '东', '中层(共40层)', '2018年建造']",招商依云上城(二期),龙泉驿西河群辉北路219号,"['东', '满二年', '采光较好']"
2室2厅1卫,"['85.8㎡', '南', '低层(共18层)', '2013年建造']",欧韵金沙,青羊金沙蜀辉路686号,"['南', '满五年', '近地铁']"
2室2厅1卫,"['89.55㎡', '南', '低层(共18层)', '2012年建造']",鹭岛国际社区四期,"武侯外双楠鹭岛路33号,鹭岛路36号","['南', '满五年', '近地铁', '多人关注']"
3室2厅1卫,"['96㎡', '北', '低层(共26层)', '2015年建造']",百悦城,"龙泉驿大面金桉路1号,金梨路33号","['北', '热门小区', '新上小区', '配套成熟']"
3室2厅1卫,"['72㎡', '西南', '低层(共16层)', '2015年建造']",金楠缤纷,武侯外双楠顺兴路369号,"['西南', '满二年', '近地铁']"
3室2厅2卫,"['128.83㎡', '南', '高层(共18层)', '2008年建造']",西花汀,温江光华大道天宝西街299号,"['南', 'VIP房东直卖', '满五年', '近地铁']"
3室2厅2卫,"['95㎡', '南', '中层(共34层)', '2015年建造']",世茂城三期,"龙泉驿大面新建路88号,金茶路855号","['南', '满二年']"
3室1厅2卫,"['90.2㎡', '西北', '低层(共18层)', '2019年建造']",合能橙中心淘淘橙,郫都犀浦张家石桥街58号,"['西北', '满二年', '近地铁']"
3室2厅2卫,"['128.79㎡', '南', '低层(共33层)', '2016年建造']",湟普国际湟座,温江光华大道光华大道三段399号,"['南', '满五年', '近地铁', '绿化率高']"
3室2厅2卫,"['100.75㎡', '南北', '中层(共40层)', '2020年建造']",招商依云上城(二期),龙泉驿西河群辉北路219号,"['南北', '有电梯', '次新房']"
3室2厅1卫,"['91.89㎡', '南', '高层(共33层)', '2015年建造']",华侨凤凰国际城,"郫都郫筒望丛西路299号,梨园路一段118号","['南', '满五年', '近地铁', '户型方正']"
3室2厅1卫,"['118.27㎡', '南北', '中层(共17层)', '2016年建造']",神仙树大院,高新区神仙树紫荆西路6号,"['南北', '满五年', '近地铁']"
3室2厅2卫,"['91.4㎡', '西北', '高层(共22层)', '2015年建造']",五彩城西区,郫都郫筒文信路518号,"['西北', '近地铁']"
3室2厅1卫,"['88㎡', '南北', '低层(共30层)', '2008年建造']",华润翡翠城4期,锦江万达华润路158号,"['南北', '满五年', '近地铁']"
5室3厅5卫,"['84.66㎡', '南北', '低层(共33层)', '2020年建造']",南湖逸家,双流华府顺兴路一段468号,"['南北', '满五年', '近地铁', '次新房']"
3室2厅2卫,"['95.67㎡', '南北', '低层(共18层)', '2021年建造']",保利公园里(一期),"金牛天回镇大天路,天龙南一路222号","['南北', '满五年', '近地铁', '车位充足']"
2室2厅2卫,"['92.24㎡', '南北', '高层(共26层)', '2014年建造']",雅颂居(一期),高新区大源荣华北路299号,"['南北', '满五年', '近地铁']"
3室2厅2卫,"['116.6㎡', '南', '低层(共9层)', '2000年建造']",锦汇花园,金牛蜀汉路蜀通街98号,"['南', '满五年', '近地铁']"
3室1厅1卫,"['54.45㎡', '东南', '高层(共7层)', '1995年建造']",四道街1号院,青羊八宝街四道街1号,"['东南', '满五年', '近地铁']"
3室2厅2卫,"['104.56㎡', '南北', '高层(共15层)', '2015年建造']",大成郡,"双流航空港大件路文星段156号,星月路69号","['南北', '满五年']"
2室2厅1卫,"['85.86㎡', '南', '中层(共14层)', '2013年建造']",金沙御苑,金牛一品天下黄苑街117号,"['南', '满五年', '近地铁']"
3室1厅1卫,"['84.8㎡', '南', '中层(共34层)', '2014年建造']",中港悦蓉府,锦江琉璃厂锦华路255号,"['南', '房东直卖', '有电梯', '近地铁']"
3室2厅1卫,"['83.7㎡', '西南', '中层(共16层)', '2014年建造']",蓝润棠湖春天,双流航空港福通路99号,"['西南', '满二年']"
4室2厅2卫,"['127㎡', '北', '中层(共39层)', '2013年建造']",世豪广场天府豪庭,高新区大源荣华南路398号,"['北', '房东直卖', '满五年', '近地铁']"
4室2厅2卫,"['134.67㎡', '西北', '中层(共34层)', '2019年建造']",保利拉斐云邸,新都三河叠秀路1099号,"['经纪人力荐', '西北', '满二年']"
3室2厅1卫,"['83㎡', '南北', '中层(共33层)', '2008年建造']",锦绣东方(一期成华),成华万年场杉板桥南一路163号,"['南北', '有电梯', '近地铁']"
2室2厅1卫,"['81.94㎡', '西南', '低层(共26层)', '2014年建造']",军安卫士花园,高新区中和中和二街66号,"['西南', '满五年', '近地铁', '车位充足']"
4室2厅3卫,"['133.87㎡', '南北', '低层(共6层)', '2020年建造']",南阳锦城(3期),"天府新区华阳南湖路143号,正东中街188号","['南北', '满二年', '近地铁', '绿化率高']"
3室2厅2卫,"['107㎡', '南', '中层(共11层)', '2022年建造']",万科润园,新都大丰临河街366号,"['南', '有电梯', '近地铁', '车位充足']"
3室2厅2卫,"['90.69㎡', '南', '高层(共32层)', '2019年建造']",中冶中央公园,郫都郫筒梨园路一段708号,"['南', '满二年', '近地铁', '户型方正']"
3室2厅1卫,"['87.06㎡', '南', '低层(共26层)', '2003年建造']",皇城公寓,青羊天府广场人民南路一段97号,"['南', '南北通透', '优势户型', '公摊小']"
3室2厅1卫,"['84.93㎡', '西', '中层(共44层)', '2015年建造']",天府逸家三期,"龙泉驿大面金枫路128号,金槐街58号","['西', '满二年']"
3室2厅1卫,"['97.95㎡', '南', '中层(共25层)', '2015年建造']",成都后花园3期,郫都犀浦国宁东路1019号,"['南', '唯一住房', '近地铁', '车位充足']"
3室1厅2卫,"['81.63㎡', '南', '低层(共24层)', '2017年建造']",鼎犀名城,"郫都犀浦国宁东路666号,万福路516号","['南', '唯一住房', '近地铁', '绿化率高']"
4室2厅2卫,"['88.99㎡', '南北', '低层(共24层)', '2021年建造']",中海兰庭,高新区大源盛邦街333号,"['南北', '满二年', '近地铁', '次新房']"
3室2厅2卫,"['92.2㎡', '东南', '低层(共17层)', '2012年建造']",橙郡三期,高新西区中海国际碧林街99号,"['东南', '满五年', '近地铁']"
2室2厅1卫,"['66.14㎡', '东', '中层(共30层)', '2011年建造']",万科金色海蓉(一期),武侯科华路高阳路62号,"['东', '近地铁', '车位充足']"
2室1厅1卫,"['77.92㎡', '南', '高层(共31层)', '2007年建造']",天府长城图南多,高新区天府长城天顺路222号,"['南', '房东直卖', '满五年', '近地铁']"
3室2厅2卫,"['127.56㎡', '南', '高层(共40层)', '2018年建造']",中国铁建北湖国际城溪檀,成华龙潭寺湖秀二路8号,"['南', '满二年']"
3室2厅2卫,"['137.52㎡', '东西', '低层(共25层)', '2010年建造']",四季豪廷,"郫都郫筒科化一路31号,龙腾二路27号","['东西', '满五年', '近地铁']"
3室2厅1卫,"['93.66㎡', '南北', '高层(共29层)', '2015年建造']",洲际银海湾,温江光华大道江浦路888号,"['南北', '满五年', '近地铁', '绿化率高']"
3室2厅2卫,"['116.79㎡', '东南', '高层(共18层)', '2021年建造']",保利熙园,"郫都郫筒中信大道三段114号,何公路120号","['东南', 'VIP房东直卖', '满五年', '近地铁']"
2室2厅1卫,"['78.85㎡', '西南', '高层(共33层)', '2018年建造']",恒大天府半岛(二期),天府新区麓湖生态城天府大道2716号,"['西南', '满五年', '近地铁', '车位充足']"
3室2厅2卫,"['108.66㎡', '南北', '中层(共6层)', '2009年建造']",万科双水岸,新都新都新城区毗河东路6号,"['经纪人力荐', '南北', '配套成熟', '公摊小']"
3室2厅2卫,"['92.32㎡', '南北', '高层(共17层)', '2007年建造']",橙郡三期,高新西区中海国际碧林街99号,"['南北', '有电梯', '近地铁']"
3室2厅2卫,"['110㎡', '东', '低层(共33层)', '2019年建造']",中海锦江城云熙1期,天府新区锦江生态带瑞林北巷399号,"['东', '满二年', '近地铁']"
3室2厅2卫,"['90.43㎡', '南', '高层(共32层)', '2010年建造']",中铁西子香荷,青羊内光华琼楼路99号,"['南', '唯一住房', '近地铁']"
3室2厅2卫,"['106㎡', '南北', '高层(共27层)', '2014年建造']",博海城一期,"新都新都新城区博海路2号,博海支路29号","['南北', '近地铁']"
3室1厅2卫,"['97.3㎡', '南', '中层(共26层)', '2016年建造']",中信城左岸,天府新区南湖美岸路一段66号,"['南', '满五年', '近地铁', '车位充足']"
4室2厅3卫,"['165.85㎡', '西南', '高层(共9层)', '2021年建造']",人居柏云庭,郫都郫筒顺河路966号,"['西南', '满二年', '近地铁', '绿化率高']"
3室2厅2卫,"['90㎡', '南', '高层(共32层)', '2019年建造']",中冶中央公园,郫都郫筒梨园路一段708号,"['南', '满二年', '近地铁', '户型方正']"
3室2厅2卫,"['106㎡', '南北', '高层(共25层)', '2018年建造']",凯德世纪名邸东庭,"高新区大源盛安街888号,天府一街1333号,南华路1988号","['南北', '满五年', '近地铁']"
3室2厅2卫,"['95.17㎡', '北', '中层(共31层)', '2018年建造']",保利学府城(1期),金牛国宾金谷三路306号,"['北', '满二年', '近地铁', '车位充足']"
3室2厅1卫,"['80.94㎡', '东北', '低层(共31层)', '2016年建造']",佳年华新生活(A区),温江光华大道江安路519号,"['东北', '满二年', '近地铁', '绿化率高']"
3室2厅1卫,"['94.69㎡', '西', '高层(共26层)', '2018年建造']",蓝光花满庭三期(南区),新都大丰太平碑路100号,"['西', '满五年', '近地铁', '车位充足']"
3室2厅1卫,"['91.12㎡', '南', '共5层', '2004年建造']",天府香城,"新都石油大学蜀龙大道中段1030号,静安路16号","['南', '满五年', '近地铁', '绿化率高']"
3室2厅2卫,"['112.1㎡', '西', '低层(共32层)', '2020年建造']",中南海棠集,金牛天回镇天泽路383号,"['西', '满二年', '近地铁', '车位充足']"
3室2厅2卫,"['118㎡', '西南', '低层(共33层)', '2017年建造']",中海右岸(一期),双流华府剑南大道南段2688号,"['西南', '满二年', '近地铁', '车位充足']"
3室2厅1卫,"['85㎡', '南', '中层(共18层)', '2012年建造']",花样年美岸,高新区美年广场天府大道中段1388号,"['南', '房东直卖', '满五年', '近地铁']"
3室2厅0卫,"['89.29㎡', '南', '中层(共30层)', '2015年建造']",卓锦城6期紫郡,"锦江三圣乡国香街780号,国香街666号","['南', '满五年', '近地铁', '多人关注']"
3室2厅1卫,"['83㎡', '南', '中层(共34层)', '2013年建造']",北京城建龙樾湾,双流东升镇银河路160号,"['南', '满五年', '车位充足']"
3室2厅2卫,"['105.07㎡', '南', '高层(共34层)', '2013年建造']",美城悦荣府(东区),天府新区华阳剑南大道南段333号,"['南', '满五年', '近地铁', '绿化率高']"
3室2厅1卫,"['89㎡', '南', '中层(共40层)', '2017年建造']",中粮鸿云,锦江攀成钢汇源北路333号,"['南', '满二年', '近地铁', '车位充足']"
3室2厅2卫,"['88.87㎡', '南北', '高层(共26层)', '2018年建造']",千禧河畔A区,温江温江城区江安路199号,"['南北', '满五年', '近地铁', '绿化率高']"
3室2厅2卫,"['91㎡', '南', '高层(共21层)', '2016年建造']",万科第五城三期,双流蛟龙港康家堰路二段306号,"['南', '近地铁']"
4室2厅2卫,"['118.16㎡', '西南', '中层(共33层)', '2008年建造']",顶峰水岸汇景一期,"金牛营门口花照壁下横街48号,茶店子路1号","['西南', '房东直卖', '满五年', '近地铁']"
3室2厅2卫,"['110.35㎡', '南北', '高层(共32层)', '2020年建造']",南湖世纪,天府新区南湖南湖北路121号,"['南北', '近地铁', '次新房']"
3室2厅2卫,"['104㎡', '东', '低层(共33层)', '2018年建造']",广汇御园(一期),天府新区西博城隆丰街1208号,"['东', '南北通透', '满五', '房东急售']"
3室2厅1卫,"['92㎡', '东北', '低层(共16层)', '2013年建造']",澜溪郡,郫都安靖东风路69号,['东北']
2室2厅1卫,"['87.24㎡', '东南', '高层(共32层)', '2010年建造']",万科魅力之城(四期),成华成渝立交万科路4号,"['东南', '满五年', '近地铁', '绿化率高']"
4室2厅2卫,"['191.6㎡', '南北', '高层(共12层)', '2011年建造']",恒大城,温江南熏大道凤溪大道南段555号,"['南北', '满五年', '近地铁']"
3室2厅2卫,"['108.65㎡', '南', '中层(共33层)', '2014年建造']",优品尚东三期,成华火车东站槐柳一路88号,"['南', '满五年', '近地铁', '绿化率高']"
2室2厅1卫,"['80.94㎡', '南', '高层(共34层)', '2015年建造']",中国水电云立方,龙泉驿大面龙城大道816号,"['南', '热门小区', '近地铁', '南北通透']"
3室2厅2卫,"['90.41㎡', '西', '高层(共24层)', '2019年建造']",万科第五城四期,双流蛟龙港康家宴路二段188号,"['西', '满二年', '近地铁', '车位充足']"
3室2厅1卫,"['91.88㎡', '南', '中层(共32层)', '2017年建造']",中洲锦城湖岸,高新区大源天府一街616号,"['南', '热门小区', '房东急售', '随时可看']"
4室2厅3卫,"['93.6㎡', '南', '低层(共21层)', '2023年建造']",凯德世纪名邸西庭,高新区大源天府一街1339号,"['南', '满二年', '近地铁', '次新房']"
3室1厅2卫,"['89.45㎡', '南', '低层(共31层)', '2009年建造']",上东锦城B区,锦江川师静祥路46号,"['南', '满五年', '近地铁']"
3室2厅2卫,"['93.5㎡', '南', '中层(共34层)', '2019年建造']",佳兆业悦府,青白江文体中心凤祥大道699号,"['南', '房东直卖', '满二年', '户型方正']"
3室2厅2卫,"['90.14㎡', '西', '低层(共31层)', '2017年建造']",保利爱尚里,新都大丰诚信路456号,"['西', '车位充足', '采光较好']"
3室2厅1卫,"['90.51㎡', '南', '低层(共31层)', '2021年建造']",天鹅湖北苑,"高新区世纪城世纪城路996号,天府大道中段177号","['南', '满二年', '近地铁', '绿化率高']"
3室2厅1卫,"['87.68㎡', '东南', '低层(共33层)', '2015年建造']",桂湖名城,"新都新都老城区电子路中段144号,励志路一段68号","['东南', '满二年', '近地铁', '户型方正']"
3室2厅2卫,"['132.56㎡', '西南', '中层(共6层)', '2007年建造']",美茵河谷,温江光华大道同兴东路398号,"['西南', '满五年', '近地铁', '绿化率高']"
3室2厅1卫,"['91.1㎡', '东', '中层(共32层)', '2018年建造']",中洲锦城湖岸,高新区大源天府一街616号,"['东', '满二年', '近地铁', '户型方正']"
3室2厅2卫,"['107.02㎡', '西南', '中层(共33层)', '2018年建造']",保利大都汇君汇,"新都大丰北星大道一段,大成路南段99号","['西南', '满二年', '近地铁', '车位充足']"
2室2厅1卫,"['86.38㎡', '南', '低层(共34层)', '2016年建造']",高盛公馆,高新区金融城蜀锦路88号,"['南', '满五年', '近地铁', '车位充足']"
2室1厅1卫,"['74.82㎡', '西北', '高层(共33层)', '2015年建造']",绿地468公馆三期,锦江三圣乡芙蓉西路707号,"['西北', '唯一住房', '近地铁', '车位充足']"
3室2厅2卫,"['92.76㎡', '东南', '中层(共34层)', '2020年建造']",万科时光润园,"郫都犀浦国宁西路1699号,高店路东段199号","['东南', '近地铁', '配套成熟', '随时可看']"
3室2厅1卫,"['91.11㎡', '南', '高层(共39层)', '2023年建造']",恒大天府半岛(七期),天府新区麓湖生态城天府大道南段2716号,"['南', '满二年', '近地铁', '次新房']"
3室2厅2卫,"['98.78㎡', '南北', '中层(共32层)', '2018年建造']",新港国际花园,高新区中和公济桥路117号,"['南北', '满五年', '近地铁', '绿化率高']"
3室1厅1卫,"['87.23㎡', '东南', '中层(共34层)', '2005年建造']",泰华公寓,锦江盐市口上东大街段118号,"['东南', '满五年', '近地铁']"
3室2厅2卫,"['95.5㎡', '南北', '高层(共27层)', '2015年建造']",朗基御今缘,高新区大源天府四街1999号,"['南北', '满五年', '近地铁', '车位充足']"
2室2厅1卫,"['84.85㎡', '东南', '高层(共18层)', '2020年建造']",黄金时代(高新),"高新区中和应龙北一路121号,吉龙一街188号","['东南', '满五年', '近地铁', '车位充足']"
3室2厅2卫,"['106㎡', '南', '低层(共8层)', '2018年建造']",荣盛香堤荣府,新都三河曲景路528号,"['南', '满二年', '采光较好']"
3室2厅2卫,"['80.88㎡', '南北', '高层(共7层)', '1998年建造']",营和街55号院,金牛抚琴小区营和街55号,"['南北', '满五年', '近地铁']"
2室2厅1卫,"['79.14㎡', '北', '低层(共33层)', '2014年建造']",天府滨河湾,天府新区华阳滨河路二段169号,"['北', '满五年', '近地铁', '绿化率高']"
2室2厅1卫,"['83.18㎡', '东南', '高层(共23层)', '2012年建造']",中大君悦金沙5期君郎院,青羊金沙蜀辉路8号,"['东南', '近地铁']"
3室2厅2卫,"['95.6㎡', '西', '高层(共31层)', '2017年建造']",保利爱尚里,新都大丰诚信路456号,"['西', '满二年', '车位充足']"
4室2厅2卫,"['129.03㎡', '南', '低层(共26层)', '2010年建造']",金河谷(一期),温江光华大道七星街191号,"['南', '满二年', '近地铁', '绿化率高']"
3室2厅1卫,"['100.32㎡', '南北', '高层(共15层)', '2014年建造']",蓉城胜景,双流东升镇长顺路三段128号,"['南北', '满五年', '近地铁', '绿化率高']"
3室2厅3卫,"['173.52㎡', '西南', '高层(共33层)', '2012年建造']",万科金域西岭,"金牛国宾迎宾大道199号,金耀路158号","['西南', '满五年', '近地铁', '采光较好']"
2室1厅1卫,"['89.98㎡', '南', '低层(共26层)', '2008年建造']",青房尚瑞天韵,金牛国宾蜀西环街59号,"['南', '满五年', '近地铁', '采光较好']"
3室2厅1卫,"['96㎡', '南北', '低层(共18层)', '2015年建造']",保利城(一期),新都大丰甫家一路东段689号,"['南北', '满五年', '近地铁', '车位充足']"
3室2厅1卫,"['98.39㎡', '东南', '高层(共7层)', '1999年建造']",玉双苑(成华),成华猛追湾一环路东三段58号,"['东南', '满五年', '近地铁']"
3室2厅1卫,"['83㎡', '西北', '中层(共39层)', '2016年建造']",汇融广场B区,新都大丰金源街18号,"['西北', '满五年', '近地铁', '车位充足']"
3室2厅1卫,"['99㎡', '南北', '高层(共27层)', '2011年建造']",华润凤凰城(一期),"高新区大源德赛二街166号,天府二街766号","['南北', '满五年', '近地铁']"
3室2厅2卫,"['126.9㎡', '南', '高层(共26层)', '2015年建造']",和信孔雀城,温江温江城区南江路666号,"['南', '满二年', '近地铁', '车位充足']"
3室2厅1卫,"['93.8㎡', '南北', '低层(共32层)', '2014年建造']",金海岸星月湾,金堂金堂城区康宁街396号,"['南北', '多人关注']"
4室2厅3卫,"['165㎡', '南', '中层(共16层)', '2020年建造']",人居柏云庭,郫都郫筒顺河路966号,"['南', '唯一住房', '近地铁', '绿化率高']"
3室2厅1卫,"['90.74㎡', '东', '高层(共26层)', '2012年建造']",常青藤二期,新都大丰华美东街68号,"['东', '满五年', '近地铁']"
3室1厅1卫,"['79.44㎡', '东北', '高层(共23层)', '2012年建造']",时代锦翠,"新都大丰石犀路299号,新水碾路286号","['东北', '满五年', '近地铁', '车位充足']"
3室2厅2卫,"['109.82㎡', '南', '中层(共32层)', '2015年建造']",富力桃园(二期),新都三河兴城大道755号,"['南', '热门小区', '满五', '房东急售']"
3室2厅1卫,"['81.27㎡', '南', '中层(共33层)', '2017年建造']",佳年华新生活(A区),温江光华大道江安路519号,"['南', '满二年', '近地铁', '绿化率高']"
2室2厅1卫,"['85.28㎡', '东', '高层(共33层)', '2010年建造']",中铁西子香荷,青羊内光华琼楼路99号,"['东', '唯一住房', '近地铁']"
3室2厅1卫,"['89㎡', '南', '高层(共32层)', '2014年建造']",绿地国际花都三期,郫都郫筒创智南一路39号,"['南', '房东直卖', '满五年', '近地铁']"
1室1厅1卫,"['47.4㎡', '南', '高层(共11层)', '2012年建造']",幸福里(青羊),青羊外光华福庆路83号,"['南', '房东直卖', '有电梯', '近地铁']"
3室2厅2卫,"['124㎡', '西', '低层(共34层)', '2013年建造']",南湖国际社区(南区),天府新区南湖南湖西路175号,"['西', '房东直卖', '满二年', '近地铁']"
3室2厅2卫,"['92.8㎡', '南', '低层(共14层)', '2018年建造']",曼哈顿,武侯桐梓林人民南路四段49号,"['南', '满五年', '近地铁', '多人关注']"
3室2厅1卫,"['104.82㎡', '西', '低层(共32层)', '2013年建造']",恒大名都,天府新区海洋公园麓山大道一段609号,"['西', '满五年', '近地铁', '车位充足']"
3室1厅1卫,"['84㎡', '南北', '高层(共18层)', '2008年建造']",千居朝阳,成华万年场双庆路26号,"['南北', '有电梯', '近地铁']"
1室2厅2卫,"['76.65㎡', '南北', '中层(共40层)', '2022年建造']",复地金融岛(商住楼),"高新区金融城环岛路1200号,环岛路1288号","['南北', '满二年', '近地铁']"
3室2厅2卫,"['135.94㎡', '南北', '低层(共32层)', '2013年建造']",新鸿基悦城,"天府新区海洋公园海昌路133号,海昌路99号","['南北', '满五年', '近地铁', '车位充足']"
2室2厅1卫,"['91.72㎡', '南北', '低层(共28层)', '2018年建造']",中德英伦世邦(F区),高新区南延线梓州大道5900号,"['南北', '满五年', '近地铁']"
2室1厅1卫,"['80.17㎡', '西南', '低层(共32层)', '2014年建造']",沙河锦庭(一期),成华杉板桥杉板桥南三路52号,"['西南', '满五年', '近地铁']"
3室2厅2卫,"['105.71㎡', '西北', '低层(共50层)', '2016年建造']",万科海悦汇城(西区),天府新区海洋公园海昌路169号,"['西北', '满五年', '近地铁', '车位充足']"
3室2厅1卫,"['95.04㎡', '西北', '高层(共29层)', '2017年建造']",为民新居,"金牛营门口光荣巷28号,光荣巷23号","['西北', '满五年', '近地铁', '车位充足']"
4室2厅2卫,"['153.6㎡', '南', '中层(共25层)', '2010年建造']",东骏湖景湾,新都新都新城区马超东路555号,"['南', '满五年', '近地铁', '绿化率高']"
4室2厅2卫,"['116.4㎡', '南北', '共5层', '1995年建造']",花园颐院,新都石油大学东环路355号,"['经纪人力荐', '南北', '近地铁']"
3室2厅2卫,"['99.57㎡', '西南', '中层(共30层)', '2013年建造']",华邑阳光里,郫都犀浦校园路东段188号,"['西南', '满五年', '近地铁', '户型方正']"
3室2厅1卫,"['61.96㎡', '西南', '中层(共23层)', '2011年建造']",神仙树馨苑,"高新区新北新乐路410号,新乐中街277号","['西南', '满五年', '近地铁']"
4室2厅2卫,"['132.9㎡', '东南', '高层(共33层)', '2008年建造']",顶峰水岸汇景一期,"金牛营门口花照壁下横街48号,茶店子路1号","['东南', '房东直卖', '满二年', '近地铁']"
3室2厅1卫,"['88.81㎡', '东', '高层(共22层)', '2015年建造']",美洲花园棕榈湾,"高新区新北火车南站西路1318号,南三环路五段188号","['东', '满五年', '近地铁']"
4室2厅2卫,"['111.93㎡', '南', '低层(共26层)', '2019年建造']",万科理想城三期星河,郫都犀浦学园路285号,"['南', 'VIP房东直卖', '满二年', '近地铁']"
3室2厅1卫,"['101㎡', '南', '中层(共7层)', '2001年建造']",营福苑,金牛抚琴小区营福巷135号,"['南', '满五年', '近地铁', '户型方正']"
3室2厅2卫,"['118.85㎡', '南', '中层(共33层)', '2020年建造']",中海右岸(一期),双流华府剑南大道南段2688号,"['南', '满五年', '近地铁', '车位充足']"
3室2厅1卫,"['87.58㎡', '南北', '中层(共9层)', '2010年建造']",双楠忆景,武侯外双楠太平园东三街16号,"['南北', '满五年', '近地铁']"
2室2厅1卫,"['89㎡', '东南', '中层(共25层)', '2009年建造']",听城,青羊金沙蜀源路8号,"['东南', '满五年', '近地铁']"
3室2厅2卫,"['78.65㎡', '南', '中层(共33层)', '2019年建造']",同森锦熙一二期,"郫都红光土地巷269号,蒋桥路388号","['南', '满二年', '近地铁']"
2室2厅1卫,"['86.66㎡', '南北', '高层(共29层)', '2016年建造']",新都国际广场二期,新都石油大学马超东路380号,"['南北', '满五年', '近地铁']"
3室2厅2卫,"['111.91㎡', '东', '中层(共32层)', '2019年建造']",中南海棠集,金牛天回镇天泽路383号,"['东', '满二年', '近地铁', '车位充足']"
3室2厅2卫,"['107.3㎡', '南北', '中层(共33层)', '2016年建造']",远大中央公园,天府新区南湖南湖大道333号,"['南北', '唯一住房', '近地铁', '绿化率高']"
2室2厅1卫,"['75.68㎡', '南', '高层(共34层)', '2016年建造']",北欧知识城中欧住宅(二期),新都斑竹园锦绣路126号,"['南', '热门小区', '满五', '价格优惠']"
3室2厅2卫,"['118.36㎡', '南北', '高层(共32层)', '2012年建造']",保利心语上府,高新区大源富华南路1606号,"['南北', '有电梯', '近地铁']"
3室2厅2卫,"['96.3㎡', '东', '低层(共26层)', '2023年建造']",珑山樾,"新都新繁紫金路68号,梁悦巷69号","['东', '车位充足']"
4室2厅2卫,"['87.19㎡', '东北', '高层(共34层)', '2013年建造']",四海逸家蓝钻,锦江三圣乡牡丹街692号,"['东北', '热门小区', '近地铁', '优势户型']"
3室2厅2卫,"['134.91㎡', '南', '低层(共20层)', '2009年建造']",春天大道,温江光华大道光华大道三段118号,"['南', '满五年', '近地铁', '绿化率高']"
2室2厅1卫,"['94.81㎡', '南', '低层(共48层)', '2015年建造']",龙湖世纪峰景,高新区世纪城世纪城路418号,"['南', '满五年', '近地铁']"
4室2厅2卫,"['132.06㎡', '南', '低层(共34层)', '2020年建造']",中南上熙府熙悦,温江温江城区花明路129号,"['南', '满二年', '近地铁', '车位充足']"
3室2厅1卫,"['90.02㎡', '南', '中层(共18层)', '2009年建造']",大邦第一城,青白江青白江城区青江中路288号,"['南', '满五年']"
2室2厅1卫,"['89.49㎡', '南', '中层(共18层)', '2012年建造']",南城都汇汇智园,高新区理想中心雍翠路83号,"['南', '满五年', '近地铁', '绿化率高']"
3室2厅1卫,"['86.6㎡', '东南', '低层(共30层)', '2015年建造']",果壳里的城,"龙泉驿政务中心大连北路78号,北泉路1188号","['东南', '近地铁', '新上小区', '价格优惠']"
2室2厅1卫,"['86.17㎡', '南', '高层(共32层)', '2009年建造']",华润二十四城1期,成华万年场双成二路39号,"['南', '满五年', '近地铁']"
3室2厅1卫,"['94.78㎡', '南', '中层(共34层)', '2011年建造']",龙湖三千城(A区),成华SM广场建业路219号,"['南', '满五年', '近地铁']"
4室2厅2卫,"['94.05㎡', '南', '中层(共25层)', '2012年建造']",龙光君悦华庭二期,"郫都郫筒一环路东南段202号,和平南二街126号","['南', '满五年', '近地铁', '户型方正']"
3室2厅1卫,"['75.06㎡', '西北', '中层(共25层)', '2016年建造']",万科理想城(一期),郫都犀浦兴业北街8号,"['西北', '近地铁', '车位充足']"
4室2厅2卫,"['141㎡', '东南', '高层(共31层)', '2020年建造']",中海云麓世家,双流华府和顺路二段55号,"['经纪人力荐', '东南', '满二年', '近地铁']"
4室2厅2卫,"['131.19㎡', '南', '高层(共32层)', '2019年建造']",中南上熙府珑悦,温江温江城区五洞桥850号,"['南', '满二年', '近地铁', '车位充足']"
3室2厅2卫,"['104.73㎡', '西南', '中层(共28层)', '2018年建造']",合能珍宝琥珀三期,温江光华大道清泉南街399号,"['西南', '满二年', '近地铁', '车位充足']"
2室2厅2卫,"['75.17㎡', '南北', '高层(共23层)', '2012年建造']",炜岸城,龙泉驿大面驿都西路3666号,"['南北', '优势户型', '价格优惠', '随时可看']"
3室2厅1卫,"['88㎡', '南北', '高层(共17层)', '2016年建造']",东城映象A区,成华圣灯路圣灯东二路32号,"['南北', '满五年', '近地铁']"
3室2厅2卫,"['129.55㎡', '南北', '中层(共6层)', '2000年建造']",万科城市花园,"锦江川师静安路1号,花园街31号","['南北', '热门小区', '近地铁', '房东急售']"
2室2厅1卫,"['80.66㎡', '东', '中层(共30层)', '2016年建造']",华侨城原岸,"金牛欢乐谷北三环路一段393号,金丰路191号","['东', '满二年', '近地铁']"
3室2厅1卫,"['88.23㎡', '南北', '低层(共33层)', '2018年建造']",量力健康城都荟,"金牛欢乐谷金丰路106号,川建南一路255号","['南北', '唯一住房', '近地铁', '车位充足']"
4室2厅3卫,"['147.43㎡', '南', '共5层', '2022年建造']",金辉新城半岛云著二期A区,新都龙桥龙容路138号,"['南', '满二年', '次新房']"
3室1厅1卫,"['85.43㎡', '南北', '高层(共34层)', '2020年建造']",中国水电云立方,龙泉驿大面龙城大道816号,"['南北', '满五年', '车位充足']"
4室2厅2卫,"['130.67㎡', '西北', '中层(共31层)', '2019年建造']",保利熙悦,郫都郫筒东大街411号,"['西北', '满二年', '近地铁', '绿化率高']"
2室1厅1卫,"['81.06㎡', '南北', '中层(共31层)', '2015年建造']",现代城,"金牛沙湾沙湾路258号,金沙路169号","['南北', '有电梯', '近地铁', '车位充足']"
3室2厅1卫,"['87.29㎡', '南', '高层(共32层)', '2021年建造']",华润熙云府,成华万年场双福一路66号,"['南', '满二年', '近地铁', '绿化率高']"
3室2厅1卫,"['73.72㎡', '南北', '低层(共26层)', '2011年建造']",双华麓港,天府新区海洋公园天府大道南段2036号,"['南北', '热门小区', '近地铁', '房东急售']"
2室1厅1卫,"['80.18㎡', '东南', '中层(共18层)', '2007年建造']",绿野天城,锦江静居寺净居寺路22号,"['东南', '满五年', '近地铁']"
4室2厅3卫,"['189.79㎡', '南北', '低层(共11层)', '2019年建造']",中海锦江1号,天府新区锦江生态带祥鹤三街758号,"['南北', 'VIP房东直卖', '满二年', '近地铁']"
3室2厅1卫,"['75.71㎡', '东南', '中层(共34层)', '2018年建造']",首创娇子1号,锦江三圣乡棣棠路870号,"['东南', '近地铁', '车位充足']"
3室2厅2卫,"['92㎡', '南北', '低层(共32层)', '2020年建造']",滨江两岸,"郫都犀浦犀安路666号,沱江河南街66号","['南北', '满二年', '近地铁', '车位充足']"
2室2厅1卫,"['83.8㎡', '南', '中层(共24层)', '2012年建造']",景茂城果,天府新区华阳华府大道一段2号,"['南', '近地铁']"
